3.47481	64.2476
4.00479	59.1745
4.53258	92.8585
5.0625	96.9668
5.59024	84.7541
6.12009	79.6809
6.64777	76.6474
7.17757	79.7353
7.70518	76.7014
8.23492	78.7693
8.76463	74.7144
9.29216	83.9265
9.82181	78.8507
10.3493	77.8571
10.8789	72.7802
11.4063	79.953
11.9358	91.2106
12.4632	77.9655
12.9926	86.1613
13.5199	91.2948
14.0493	86.2168
14.5766	92.3724
15.1038	62.7808
15.6331	79.1501
16.1602	78.156
16.6895	87.3777
17.2166	74.1241
17.7458	68.0207
18.2728	79.2875
18.8019	82.3808
19.3289	78.3207
19.8558	76.3042
20.3849	86.5531
20.9118	79.426
21.4407	90.699
21.9676	82.5489
22.4943	83.5996
23.0233	85.6731
23.55	67.2945
24.0788	79.5942
24.6055	80.6453
25.1321	86.811
25.6609	78.6563
26.1875	76.6387
26.714	68.4818
27.2427	84.8812
27.7692	84.9105
28.2978	80.8462
28.8242	87.0163
29.3506	78.857
29.8791	84.0047
30.4055	83.0105
30.9318	90.2074
31.4581	84.0937
31.9865	87.196
32.5127	90.299
33.0389	84.1837
33.5672	91.3849
34.0933	92.4406
34.6194	78.127
35.1455	81.231
35.6737	73.0626
36.1997	71.0422
36.7257	86.4477
37.2538	84.4284
37.7797	80.3584
38.3056	81.4146
38.8315	69.1389
39.3573	81.4764
39.8853	90.7398
40.4111	90.7721
40.9368	81.5702
41.4625	90.8371
41.9904	83.6859
42.516	79.6121
43.0417	76.5639
43.5673	79.6752
44.0928	84.8409
44.6184	95.1426
45.1461	79.7705
45.6715	83.9113
46.197	88.0533
46.7224	79.8667
47.2478	69.6227
47.7732	83.0145
48.3007	97.438
48.826	76.5297
49.3513	90.5219
49.8765	84.7971
50.4017	81.7472
50.9269	71.8575
51.4521	74.7429
51.9772	70.0158
52.5044	78.3128
53.0295	67.3646
53.5546	59.3024
54.0796	63.5242
54.6046	60.4871
55.1295	56.4537
55.6544	52.9038
56.1793	46.0523
56.7042	50.5796
57.229	57.163
57.7538	55.3398
58.2786	57.3407
58.8034	58.0814
59.3281	75.1142
59.8528	76.2766
60.3774	79.2136
60.9021	81.0547
61.4267	85.919
61.9513	90.5635
62.4758	98.1034
63.0003	95.8308
63.5248	94.8898
64.0492	109.566
64.5737	98.8985
65.0981	97.5757
65.6224	91.4949
66.1468	94.4288
66.6711	97.7818
67.1954	96.0775
67.7196	92.1651
68.2438	101.074
68.768	99.2293
69.2922	101.647
69.8163	114.286
70.3404	109.26
70.8645	109.226
71.3885	112.624
71.9126	112.348
72.4365	116.172
72.9584	117.389
73.4823	115.625
74.0062	112.74
74.53	117.534
75.0539	120.817
75.5777	121.519
76.1015	114.596
76.6252	122.518
77.1468	125.345
77.6705	132.092
78.1942	130.936
78.7178	142.604
79.2414	135.038
79.765	148.007
80.2864	169.312
80.8099	185.177
81.3334	185.205
81.8568	216.244
82.3803	218.701
82.9037	243.389
83.4249	255.281
83.9482	275.462
84.4716	296.633
84.9949	288.219
85.516	275.05
86.0392	303.339
86.5624	297.81
87.0855	300.935
87.6066	300.432
88.1297	301.736
88.6527	317.415
89.1758	321.514
89.6967	306.837
90.2197	319.372
90.7426	320.288
91.2655	338.563
91.7863	331.682
92.3092	344.255
92.832	357.901
93.3527	360.349
93.8755	369.603
94.3983	359.782
94.9189	364.588
95.4416	380.304
95.9642	371.552
96.4847	380.215
97.0073	376.309
97.5299	388.415
98.0503	397.409
98.5729	378.699
99.0954	396.033
99.6157	371.681
100.138	375.884
100.661	385.812
101.181	386.184
101.703	370.608
102.223	387.029
102.746	381.47
103.268	396.381
103.788	392.377
104.31	399.27
104.83	400.361
105.352	404.409
105.872	405.26
106.394	394.778
106.916	403.851
107.436	390.204
107.958	401.956
108.478	406.69
109	400.404
109.52	401.652
110.042	407.012
110.562	417.105
111.083	398.169
111.603	414.231
112.125	408.333
112.644	398.718
113.166	414.368
113.686	417.287
114.207	394.726
114.727	406.202
115.248	407.605
115.768	415.349
116.289	422.986
116.809	410.673
117.33	407.05
117.85	396.755
118.369	421.814
118.89	393.327
119.409	408.555
119.931	413.718
120.45	399.655
120.971	405.617
121.49	412.171
122.009	423.416
122.531	411.241
123.05	410.515
123.571	409.772
124.09	415.312
124.609	422.762
125.13	408.426
125.649	400.535
126.167	399.152
126.688	395.593
127.207	413.539
127.726	400.72
128.247	398.2
128.766	414.349
129.284	410.371
129.805	405.75
130.324	410.907
130.842	403.394
131.363	407.958
131.881	410.474
132.4	411.584
132.921	414.657
133.439	412.358
133.957	413.459
134.476	397.516
134.996	416.897
135.515	410.127
136.033	406.711
136.551	391.139
137.072	415.558
137.59	409.966
138.108	404.673
138.626	421.944
139.146	415.663
139.665	400.321
140.183	400.864
140.701	398.749
141.219	416.567
141.739	415.136
142.257	424.456
142.775	396.496
143.293	389.03
143.81	405.79
144.33	404.254
144.848	413.901
145.366	397.346
145.884	410.314
146.402	397.072
146.919	393.984
147.439	408.4
147.957	405.415
148.474	397.866
148.992	417.582
149.509	398.748
150.027	414.063
150.544	413.924
151.062	396.661
151.579	412.169
152.099	379.819
152.616	415.6
153.134	416.284
153.651	414.546
154.168	403.278
154.686	405.739
155.203	407.805
155.72	394.412
156.237	418.427
156.754	407.252
157.271	404.571
157.789	405.621
158.306	413.708
158.823	397.22
159.34	405.563
159.857	393.403
160.374	410.121
160.891	413.378
161.407	403.822
161.924	408.276
162.441	395.897
162.958	406.274
163.475	409.309
163.992	416.096
164.508	399.583
165.025	398.853
165.542	404.511
166.058	407.178
166.575	401.164
167.091	403.497
167.608	403.155
168.125	401.803
168.641	388.431
169.157	402.447
169.674	399.474
170.188	385.539
170.705	389.017
171.221	391.185
171.737	399.346
172.254	394.404
172.77	388.707
173.286	400.651
173.802	397.531
174.316	388.104
174.833	394.459
175.349	384.568
175.865	400.521
176.381	412.245
176.897	394.242
177.413	393.956
177.927	401.316
178.443	411.604
178.959	402.318
179.474	396.293
179.99	406.669
180.504	401.287
181.02	395.312
181.536	390.119
182.051	409.238
182.567	387.125
183.081	406.06
183.596	391.274
184.112	413.138
184.628	406.628
185.141	398.053
185.657	405.335
186.172	404.849
186.688	405.008
187.201	391.587
187.716	397.371
188.232	403.135
188.745	413.005
189.26	395.253
189.776	395.176
190.291	395.123
190.804	393.634
191.32	396.717
191.835	401.974
192.348	408.101
192.863	393.565
193.378	412.909
193.891	404.694
194.406	407.435
194.921	388.659
195.434	404.709
195.949	407.896
196.462	403.571
196.977	397.122
197.492	395.314
198.004	402.228
198.519	405.076
199.034	419.785
199.547	406.588
200.062	394.169
200.574	397.999
201.089	408.903
201.601	393.735
202.116	415.247
202.631	409.328
203.143	397.98
203.658	406.866
204.17	401.648
204.685	401.545
205.197	402.176
205.711	407.902
206.224	404.566
206.738	403.245
207.25	409.969
207.765	396.456
208.277	396.031
208.791	400.294
209.303	401.867
209.818	408.819
210.33	403.327
210.844	397.469
211.356	403.662
211.87	397.09
212.382	397.94
212.896	400.885
213.408	402.92
213.922	396.31
214.434	392.059
214.945	400.519
215.459	407.921
215.971	396.173
216.485	401.859
216.997	415.608
217.51	401.208
218.022	375.069
218.534	412.612
219.047	402.184
219.559	415.213
220.073	413.508
220.584	393.064
221.096	413.184
221.609	388.403
222.121	408.179
222.632	426.612
223.146	403.521
223.657	406.955
224.168	411.135
224.682	406.667
225.193	398.878
225.704	406.192
226.217	416.166
226.729	398.187
227.24	399.973
227.753	409.453
228.264	393.376
228.775	404.574
229.286	400.039
229.799	396.935
230.31	398.618
230.821	415.179
231.334	419.266
231.845	412.14
232.356	413.014
232.867	406.017
233.378	396.929
233.891	399.322
234.401	405.472
234.912	400.531
235.423	405.124
235.935	415.853
236.446	386.613
236.957	398.612
237.467	401.037
237.978	423.012
238.49	398.515
239.001	404.485
239.511	411.52
240.022	407.502
240.532	401.251
241.043	404.592
241.555	420.529
242.065	398.102
242.576	417.279
243.086	412.546
243.596	416.157
244.107	404.766
244.617	418.118
245.127	423.709
245.639	408.358
246.149	399.152
246.659	398.768
247.169	414.638
247.679	421.391
248.189	417.371
248.699	395.823
249.209	408.858
249.719	419.859
250.229	416.198
250.739	388.999
251.249	408.714
251.759	403.936
252.268	429.89
252.778	391.759
253.288	394.963
253.797	412.463
254.307	386.213
254.817	406.553
255.326	418.808
255.836	416.87
256.345	407.806
256.855	410.838
257.364	410.418
257.874	405.853
258.383	399.509
258.893	412.294
259.402	404.193
259.911	405.922
260.421	401.745
260.93	417.571
261.439	401.984
261.949	411.373
262.458	408.011
262.967	397.862
263.476	406.831
263.985	410.337
264.494	413.801
265.001	394.999
265.51	414.633
266.019	406.259
266.528	416.392
267.037	408.597
267.546	413.243
268.055	405.081
268.564	418.535
269.071	404.076
269.58	417.977
270.088	414.361
270.597	404.31
271.106	419.836
271.615	416.788
272.121	402.286
272.63	407.384
273.138	410.184
273.647	404.596
274.156	399.689
274.662	419.05
275.171	422.169
275.679	407.692
276.188	405.349
276.696	428.996
277.202	401.002
277.711	405.756
278.219	423.682
278.727	409.892
279.234	405.253
279.742	417.558
280.25	398.846
280.756	419.721
281.264	407.825
281.772	406.742
282.281	422.233
282.787	408.228
283.295	408.77
283.803	424.9
284.309	421.678
284.817	419.443
285.325	410.381
285.83	412.149
286.338	409.828
286.846	419.745
287.352	427.678
287.86	425.511
288.367	416.292
288.873	416.246
289.381	409.639
289.889	428.082
290.394	431.396
290.902	418.29
291.407	412.012
291.915	425.229
292.422	424.677
292.928	413.737
293.435	419.563
293.941	430.165
294.448	411.355
294.956	423.462
295.461	433.083
295.968	416.379
296.474	432.807
296.981	422.687
297.486	419.825
297.993	421.482
298.499	426.934
299.006	428.935
299.511	421.586
300.018	404.837
300.523	414.642
301.03	436.986
301.535	422.361
302.042	408.511
302.547	419.75
303.054	423.296
303.559	422.533
304.066	407.81
304.571	425.588
305.078	432.022
305.582	426.712
306.089	409.3
306.594	407.564
307.101	431.464
307.605	414.559
308.11	437.411
308.616	425.75
309.121	415.91
309.628	407.194
310.132	423.199
310.637	423.752
311.143	418.357
311.648	417.267
312.154	407.134
312.658	428.825
313.163	411.515
313.669	409.75
314.174	402.657
314.678	405.945
315.184	406.879
315.688	412.579
316.192	404.819
316.699	411.703
317.203	423.292
317.707	416.986
318.213	405.87
318.717	425.274
319.221	414.939
319.727	407.085
320.231	431.84
320.735	406.292
321.239	418.091
321.745	424.718
322.249	418.592
322.753	408.955
323.256	415.013
323.762	422.737
324.266	421.22
324.77	422.502
325.273	409.161
325.779	417.136
326.283	418.671
326.786	412.343
327.29	425.516
327.796	419.798
328.299	413.015
328.803	434.671
329.306	432.323
329.809	417.27
330.313	422.406
330.818	426.8
331.322	408.875
331.825	428.631
332.328	427.85
332.832	419.235
333.335	424.694
333.84	414.078
334.343	404.15
334.846	414.769
335.35	421.992
335.853	409.752
336.356	398.25
336.859	427.902
337.362	420.241
337.865	420.109
338.37	414.108
338.873	410.441
339.376	414.936
339.879	415.925
340.381	424.776
340.884	431.94
341.387	433.687
341.89	425.224
342.393	424.708
342.895	409.776
343.398	416.076
343.901	430.874
344.403	427.032
344.906	421.065
345.409	426.744
345.911	410.143
346.414	428.217
346.916	418.917
347.419	424.763
347.921	429.643
348.423	430.456
348.926	426.128
349.428	408.371
349.931	421.058
350.433	417.878
350.935	417.056
351.437	432.709
351.94	431.308
352.442	427.603
352.944	415.03
353.444	432.24
353.946	408.216
354.448	422.464
354.95	429.092
355.452	424.086
355.954	436.615
356.456	431.81
356.958	410.328
357.46	437.775
357.96	418.629
358.462	431.877
358.964	443.649
359.466	417.105
359.967	429.214
360.469	425.364
360.971	427.081
361.471	423.746
361.972	406.415
362.474	418.054
362.975	418.335
363.477	431.502
363.977	419.032
364.478	432.833
364.98	414.297
365.481	433.998
365.983	436.372
366.482	416.276
366.983	416.938
367.485	429.13
367.986	426.284
368.485	420.009
368.987	408.978
369.488	426.201
369.989	416.578
370.488	436.539
370.99	427.273
371.491	433.652
371.99	420.367
372.491	419.023
372.992	414.326
373.493	429.673
373.992	423.229
374.493	425.185
374.994	427.055
375.493	418.034
375.994	422.283
376.495	439.165
376.993	426.994
377.494	406.408
377.993	436.356
378.494	420.133
378.995	414.689
379.493	428.497
379.994	411.039
380.495	424.691
380.993	414.915
381.494	433.532
381.992	415.331
382.493	421.245
382.993	431.049
383.492	423.479
383.992	424.139
384.491	417.371
384.991	422.361
385.489	437.385
385.99	425.22
386.488	438.097
386.988	423.607
387.489	427.153
387.987	429.044
388.487	425.114
388.985	423.07
389.486	426.269
389.984	427.97
390.484	427.931
390.982	432.685
391.482	419.669
391.98	431.469
392.48	426.848
392.978	419.927
393.476	435.644
393.976	435.083
394.473	431.103
394.973	428.484
395.471	438.413
395.971	436.87
396.469	436.336
396.968	437.789
397.466	426.986
397.964	444.57
398.464	449.282
398.961	425.272
399.461	435.193
399.958	444.509
400.456	443.689
400.955	440.461
401.453	419.88
401.95	431.114
402.45	437.591
402.947	431.537
403.447	418.71
403.944	440.781
404.441	445.492
404.941	423.685
405.438	417.442
405.935	436.975
406.432	442.717
406.932	435.379
407.429	448.13
407.926	443.298
408.425	430.616
408.922	437.173
409.419	440.58
409.918	433.416
410.415	438.132
410.912	441.552
411.409	436.577
411.908	442.867
412.405	446.803
412.902	434.746
413.399	434.513
413.895	429.132
414.394	426.447
414.891	443.818
415.388	429.605
415.884	436.455
416.383	437.833
416.88	427.609
417.376	435.706
417.873	418.339
418.369	430.233
418.866	425.198
419.365	442.615
419.861	438.283
420.357	429.852
420.854	446.911
421.35	433.081
421.847	435.291
422.343	446.395
422.841	442.862
423.338	435.167
423.834	456.649
424.33	446.396
424.826	436.142
425.322	430.376
425.819	441.031
426.315	431.989
426.811	444.385
427.307	444.453
427.803	435.249
428.301	443.046
428.797	438.95
429.293	439.695
429.789	432.336
430.285	448.185
430.781	433.007
431.277	435.848
431.772	442.04
432.268	451.243
432.764	465.512
433.26	450.421
433.755	429.515
434.251	433.817
434.747	444.594
435.242	444.504
435.738	434.925
436.234	423.334
436.729	436.591
437.225	426.689
437.72	431.06
438.216	454.822
438.709	438.147
439.205	445.684
439.7	435.236
440.195	448.938
440.691	448.629
441.186	426.802
441.681	444.051
442.177	446.02
442.672	441.303
443.167	454.762
443.662	428.512
444.155	449.572
444.651	444.631
445.146	447.663
445.641	448.454
446.136	436.881
446.631	445.73
447.126	445.162
447.619	450.178
448.114	448.879
448.609	438.815
449.104	445.066
449.598	441.777
450.091	438.467
450.586	444.683
451.081	446.847
451.576	451.423
452.07	441.026
452.563	441.812
453.058	443.88
453.552	457.09
454.047	432.127
454.539	423.838
455.034	448.573
455.529	433.246
456.023	446.19
456.516	432.977
457.01	444.91
457.504	456.476
457.999	440.147
458.491	430.968
458.986	441.528
459.48	455.844
459.972	430.704
460.466	445.613
460.961	438.678
461.453	428.624
461.947	426.724
462.441	458.505
462.933	441.948
463.427	434.424
463.922	426.388
464.414	457.203
464.908	428.419
465.402	449.892
465.894	437.09
466.388	444.27
466.879	444.594
467.373	445.673
467.867	444.839
468.359	446.161
468.853	450.239
469.345	441.582
469.838	439.598
470.33	451.128
470.824	450.266
471.318	438.505
471.809	454.516
472.303	458.711
472.794	445.914
473.288	446.196
473.779	450.433
474.273	443.616
474.764	453.797
475.258	446.057
475.749	447.172
476.243	452.664
476.734	444.132
477.228	436.842
477.719	456.987
478.212	437.641
478.703	458.768
479.197	455.663
479.688	457.952
480.181	451.514
480.672	442.694
481.163	449.59
481.656	446.186
482.148	434.496
482.641	464.003
483.132	449.43
483.625	446.36
484.116	446.197
484.607	458.76
485.1	447.327
485.59	443.612
486.081	457.499
486.574	436.101
487.065	462.067
487.558	447.789
488.049	456.693
488.539	456.186
489.032	454.5
489.523	459.286
490.013	454.04
490.506	456.094
490.997	460.385
491.487	449.312
491.98	458.466
492.47	452.795
492.961	461.835
493.451	466.24
493.944	463.275
494.434	455.862
494.924	465.351
495.417	462.476
495.907	450.828
496.398	464.578
496.888	455.092
497.38	450.771
497.87	448.948
498.361	459.436
498.851	452.973
499.341	454.044
499.833	452.841
500.323	451.454
500.813	455.09
501.303	460.196
501.795	458.849
502.285	451.685
502.775	458.735
503.265	466.784
503.755	455.965
504.245	458.37
504.737	457.042
505.227	457.707
505.716	463.844
506.206	456.889
506.696	460.549
507.186	458.567
507.675	453.826
508.165	447.513
508.657	455.301
509.146	444.783
509.636	449.55
510.126	453.832
510.615	456.261
511.105	447.215
511.594	464.62
512.084	458.8
512.573	460.658
513.062	452.26
513.552	454.616
514.041	456.503
514.531	455.575
515.02	461.852
515.509	463.946
515.998	459.116
516.488	466.202
516.977	464.421
517.468	466.426
517.955	460.631
518.444	452.468
518.933	450.089
519.422	460.244
519.911	458.62
520.4	464.406
520.889	458.862
521.378	463.492
521.867	449.776
522.356	460.718
522.845	469.924
523.334	457.853
523.823	456.457
524.053	457.25
524.548	468.586
525.041	446.471
525.536	456.083
526.03	447.727
526.523	456.892
527.018	463.699
527.513	465.269
528.005	455.934
528.5	431.481
528.995	454.583
529.487	452.211
529.982	448.122
530.474	470.866
530.969	451.346
531.464	458.66
531.956	441.361
532.451	464.33
532.943	446.609
533.437	456.955
533.932	442.952
534.424	452.895
534.918	447.25
535.411	454.836
535.905	449.635
536.397	459.374
536.891	445.874
537.384	450.736
537.878	440.651
538.37	456.196
538.864	450.554
539.356	453.547
539.85	452.347
540.342	451.118
540.836	443.3
541.328	455.215
541.822	459.888
542.314	459.421
542.808	446.566
543.3	452.768
543.794	455.556
544.286	451.472
544.779	448.804
545.271	450.651
545.765	456.301
546.257	455.688
546.748	445.319
547.242	454.234
547.734	454.097
548.227	444.614
548.719	454.861
549.212	448.591
549.704	447.563
550.195	437.921
550.689	464.512
551.18	445.447
551.672	448.744
552.165	448.524
552.656	455.878
553.15	444.633
553.641	435.161
554.132	448.814
554.626	458.388
555.117	443.931
555.608	432.982
556.101	441.367
556.592	455.292
557.083	462.655
557.577	423.079
558.068	448.502
558.559	437.976
559.05	449.061
559.543	421.965
560.034	446.879
560.525	453.01
561.018	440.352
561.508	459.005
561.999	442.534
562.49	452.399
562.983	460.402
563.474	443.615
563.964	456.027
564.455	454.473
564.948	456.478
565.439	459.282
565.929	445.354
566.42	450.991
566.91	444.274
567.403	450.224
567.893	456.124
568.384	427.63
568.875	452.228
569.365	438.667
569.857	457.303
570.348	454.729
570.838	454.318
571.328	454.715
571.819	427.438
572.309	462.516
572.801	447.832
573.292	446.409
573.782	445.943
574.272	468.422
574.762	437.558
575.252	441.049
575.742	443.616
576.233	465.774
576.723	443.719
577.215	453.15
577.705	455.643
578.195	464.909
578.685	437.401
579.175	446.553
579.664	454.001
580.154	464.608
580.644	452.368
581.134	468.012
581.624	464.862
582.114	463.057
582.603	465.269
583.093	451.208
583.583	445.283
584.072	462.994
584.562	473.15
585.052	455.888
585.541	453.051
586.031	458.089
586.52	463.109
587.01	456.842
587.499	455.453
587.989	462.765
588.478	451.023
588.968	454.099
589.457	472.606
589.946	460.442
590.436	461.153
590.925	455.543
591.414	458.473
591.903	455.634
592.393	457.05
592.882	454.816
593.371	466.355
593.86	458.593
594.349	461.328
594.836	450.187
595.325	464.736
595.814	459.109
596.303	456.406
596.792	450.47
597.281	440.199
597.77	452.957
598.259	456.676
598.746	475.336
599.235	465.929
599.724	450.558
600.212	466.8
600.701	472.148
601.19	437.842
601.677	449.717
602.165	451.387
602.654	452.361
603.143	457.691
603.631	445.362
604.12	458.085
604.606	463.244
605.095	446.785
605.583	463.422
606.072	470.116
606.558	468.533
607.047	460.011
607.535	466.583
608.023	465.194
608.51	470.33
608.998	470.287
609.486	457.133
609.975	452.198
610.461	470.611
610.949	462.859
611.437	465.453
611.926	452.651
612.412	463.976
612.9	473.965
613.388	468.484
613.874	464.679
614.362	463.929
614.85	475.548
615.336	483.444
615.824	453.303
616.312	451.389
616.798	452.245
617.286	461.667
617.773	456.591
618.259	459.021
618.747	465.202
619.235	464.509
619.721	460.399
620.208	461.116
620.694	453.579
621.182	464.583
621.669	474.525
622.155	460.045
622.642	475.812
623.128	474.418
623.615	465.152
624.101	477.217
624.589	459.052
625.076	460.466
625.561	471.827
626.049	453.613
626.534	476.972
627.021	460.821
627.507	467.03
627.994	478.771
628.479	466.144
628.967	480.696
629.452	453.325
629.939	484.428
630.424	475.651
630.911	483.045
631.396	472.168
631.884	477.403
632.369	455.342
632.856	463.461
633.341	466.315
633.828	447.797
634.313	457.814
634.799	462.723
635.284	458.461
635.771	461.518
636.256	460.225
636.741	462.113
637.228	468.193
637.713	468.474
638.199	468.066
638.684	471.74
639.171	449.88
639.655	455.796
640.14	462.665
640.627	469.142
641.111	448.09
641.596	455.603
642.082	457.281
642.567	456.884
643.053	458.513
643.538	457.698
644.022	459.629
644.509	459.21
644.993	483.967
645.477	473.469
645.964	474.028
646.448	463.212
646.932	458.118
647.419	470.74
647.903	474.978
648.387	447.591
648.871	466.632
649.357	455.607
649.841	450.207
650.326	461.351
650.812	442.604
651.296	448.495
651.78	465.975
652.264	470.718
652.75	456.281
653.234	462.207
653.718	467.862
654.201	471.461
654.685	463.323
655.171	467.83
655.655	467.835
656.139	478.164
656.622	456.932
657.108	471.829
657.592	450.288
658.076	483.7
658.559	453.763
659.043	477.043
659.526	468.335
660.012	424.976
660.496	450.754
660.979	474.556
661.463	466.804
661.946	469.37
662.43	462.282
662.913	465.126
663.398	459.682
663.882	463.85
664.365	453.224
664.848	466.001
665.332	472.605
665.815	462.721
666.298	489.003
666.781	474.01
667.265	463.836
667.748	448.807
668.233	471.262
668.716	471.926
669.199	470.094
669.682	489.907
670.165	462.248
670.648	482.187
671.131	458.913
671.614	472.252
672.097	476.009
672.58	474.541
673.063	472.234
673.546	475.959
674.029	461.636
674.512	474.857
674.994	463.694
675.477	454.035
675.96	458.602
676.442	477.701
676.925	474.776
677.408	472.529
677.89	475.447
678.373	478.722
678.856	481.32
679.338	459.41
679.821	477.149
680.303	481.373
680.784	468.621
681.266	471.353
681.749	477.153
682.231	467.742
682.713	465.572
683.196	471.704
683.678	454.103
684.16	461.429
684.643	470.92
685.125	461.477
685.605	451.647
686.087	482.466
686.569	479.326
687.051	459.893
687.534	461.539
688.016	462.231
688.496	469.569
688.978	476.941
689.46	469.757
689.942	483.861
690.424	467.133
690.906	475.569
691.386	462.693
691.867	468.589
692.349	477.059
692.831	477.342
693.313	472.767
693.793	446.302
694.274	476.671
694.756	474.778
695.238	478.358
695.718	478.188
696.199	470.893
696.681	467.527
697.162	442.517
697.642	485.185
698.124	472.601
698.605	451.644
699.085	479.636
699.566	485.76
700.047	481.432
700.529	473.249
701.008	478.507
701.49	473.123
701.971	483.694
702.45	477.216
702.932	472.578
703.413	476.247
703.892	477.44
704.373	463.677
704.855	489.101
705.334	482.374
705.815	469.114
706.296	477.293
706.775	479.011
707.256	464.574
707.735	463.873
708.216	462.38
708.697	480.054
709.176	485.617
709.657	475.057
710.136	485.93
710.617	473.921
711.098	482.305
711.577	462.893
712.057	469.264
712.536	483.533
713.017	466.835
713.496	470.131
713.976	474.857
714.455	473.741
714.936	482.22
715.414	475.043
715.895	459.763
716.374	476.055
716.854	471.614
717.333	469.992
717.813	469.541
718.292	475.087
718.772	464.551
719.25	456.066
719.731	462.634
720.209	472.87
720.69	461.697
721.168	463.271
721.648	468.05
722.127	460.614
722.607	478.782
723.085	469.5
723.563	478.087
724.043	474.84
724.521	480.736
725.002	479.945
725.48	466.344
725.958	476.188
726.438	488.171
726.916	457.221
727.396	469.741
727.874	483.015
728.352	470.817
728.832	476.18
729.31	472.184
729.787	469.142
730.267	481.523
730.745	473.129
731.223	479.18
731.703	482.511
732.18	482.158
732.658	480.556
733.138	471.113
733.616	483.731
734.093	474.531
734.573	471.397
735.05	476.422
735.528	463.492
736.008	488.534
736.485	468.234
736.962	500.447
737.44	477.601
737.919	466.098
738.397	481.051
738.874	475.167
739.352	474.001
739.831	488.657
740.308	484.416
740.786	485.84
741.263	491.239
741.74	484.718
742.219	463.744
742.696	477.948
743.174	479.247
743.651	485.92
744.128	494.536
744.607	476.463
745.084	477.094
745.561	474.362
746.038	485.238
746.515	474.08
746.992	485.109
747.471	484.347
747.948	499.442
748.425	485.325
748.902	491.567
749.378	482.873
749.855	493.614
750.332	484.322
750.809	489.648
751.287	491.847
751.764	487.74
752.241	471.78
752.718	493.568
753.194	482.788
753.671	488.7
754.147	494.679
754.624	496.545
755.1	473.115
755.577	486.454
756.053	488.726
756.53	482.382
757.006	499.391
757.483	480.673
757.959	483.152
758.436	484.515
758.912	480.871
759.388	456.186
759.864	495.851
760.341	502.405
760.817	496.826
761.293	484.72
761.769	501.951
762.245	473.58
762.722	483.88
763.198	486.126
763.674	489.718
764.15	485.592
764.626	482.824
765.102	491.187
765.578	482.073
766.054	484.08
766.53	482.219
767.006	471.638
767.48	495.933
767.955	485.81
768.431	479.624
768.907	476.321
769.383	489.109
769.859	497.021
770.334	476.969
770.81	495.58
771.284	492.149
771.759	503.355
772.235	489.071
772.711	486.639
773.186	499.524
773.662	500.486
774.137	486.761
774.611	482.479
775.086	493.624
775.562	478.381
776.037	496.735
776.513	489.671
776.986	477.333
777.461	498.092
777.937	483.456
778.412	498.779
778.885	484.021
779.361	495.468
779.836	469.933
780.311	491.204
780.784	476.849
781.259	494.555
781.734	492.995
782.21	484.76
782.683	472.349
783.158	489.261
783.633	487.796
784.106	493.057
784.581	492.14
785.056	470.712
785.531	477.854
786.004	464.026
786.478	480.107
786.953	490.525
787.426	488.682
787.901	500.074
788.376	474.565
788.848	502.777
789.323	486.791
789.796	486.852
790.271	472.951
790.745	491.402
791.218	490.973
791.693	485.269
792.167	487.548
792.64	477.296
793.114	499.07
793.587	481.565
794.061	475.581
794.536	482.496
795.008	501.59
795.482	496.68
795.955	489.989
796.429	493.318
796.902	503.212
797.376	484.308
797.848	488.74
798.322	483.919
798.795	476.723
799.269	489.29
799.741	482.331
800.215	477.344
800.689	490.308
801.162	473.759
801.634	489.472
802.108	469.221
802.58	476.423
803.054	490.978
803.526	484.485
804	492.587
804.472	491.699
804.946	489.391
805.417	483.523
805.891	467.82
806.363	480.727
806.837	487.286
807.309	485.528
807.781	495.615
808.254	484.458
808.726	480.401
809.2	483.737
809.671	479.861
810.143	482.161
810.617	500.627
811.088	468.13
811.56	468.778
812.033	473.884
812.505	470.666
812.978	481.252
813.45	473.488
813.921	463.293
814.395	493.855
814.866	477.168
815.338	470.227
815.811	497.512
816.282	498.234
816.754	483.362
817.225	479.422
817.698	483.989
818.169	489.527
818.641	489.234
819.114	473.565
819.585	475.94
820.056	485.672
820.527	484.827
821	481.619
821.471	497.725
821.942	484.548
822.413	475.822
822.886	490.146
823.357	488.14
823.828	494.268
824.299	486.465
824.77	504.46
825.243	482.518
825.714	483.438
826.184	478.298
826.655	487.723
827.126	495.459
827.599	497.651
828.069	489.097
828.54	483.598
829.011	478.775
829.481	483.96
829.952	495.022
830.425	484.725
830.895	483.728
831.366	485.484
831.836	485.868
832.307	488.331
832.777	462.869
833.248	502.182
833.718	488.36
834.188	484.835
834.659	490.259
835.131	492.972
835.601	502.317
836.072	491.434
836.542	506.463
837.012	510.832
837.482	497.932
837.953	495.336
838.423	503.406
838.893	495.578
839.363	486.005
839.833	495.402
840.303	506.499
840.773	511.36
841.243	501.036
841.713	508.376
842.183	498.175
842.653	495.296
843.123	486.566
843.593	503.752
844.063	508.411
844.533	503.286
845.003	506.772
845.473	504.776
845.942	493.19
846.412	508.728
846.882	487.949
847.352	500.111
847.821	507.02
848.289	524.246
848.759	507.65
849.228	493.011
849.698	509.189
850.167	502.414
850.637	510.602
851.106	499.131
851.576	507.6
852.045	513.467
852.513	516.326
852.982	507.734
853.452	490.698
853.921	499.627
854.39	513.645
854.86	491.345
855.327	512.171
855.796	519.742
856.265	508.501
856.735	501.76
857.204	506.121
857.673	508.036
858.14	518.672
858.609	499.5
859.078	499.187
859.547	501.032
860.015	504.303
860.484	513.831
860.953	509.785
861.422	498.086
861.888	500.333
862.357	486.623
862.826	502.545
863.295	501.763
863.762	504.067
864.231	523.718
864.7	508.051
865.168	512.86
865.635	509.929
866.104	506.605
866.573	495.244
867.039	492.581
867.508	505.928
867.977	497.757
868.443	521.662
868.912	525.184
869.38	504.157
869.847	510.348
870.316	523.547
870.784	515.473
871.25	505.535
871.719	514.256
872.185	517.595
872.654	509.682
873.122	515.319
873.589	515.8
874.057	506.684
874.523	528.324
874.991	519.847
875.46	504.45
875.926	502.218
876.394	510.656
876.86	521.379
877.328	526.755
877.795	515.732
878.263	514.831
878.729	511.584
879.197	520.604
879.663	507.815
880.131	508.272
880.599	499.338
881.065	508.095
881.533	521.669
881.999	523.032
882.465	519.518
882.932	516.034
883.398	509.82
883.866	513.038
884.332	505.137
884.8	507.967
885.265	499.573
885.733	495.588
886.199	520.003
886.667	505.813
887.132	512.824
887.598	499.077
888.065	522.499
888.531	522.4
888.999	526.845
889.464	494.587
889.93	518.819
890.397	515.341
890.863	507.005
891.33	511.456
891.795	530.403
892.261	508.104
892.728	531.119
893.193	500.847
893.659	506.922
894.126	513.722
894.591	498.447
895.057	511.549
895.524	514.645
895.989	523.61
896.454	503.878
896.921	513.836
897.386	535.873
897.852	525.107
898.319	529.207
898.784	524.677
899.249	522.193
899.714	515.517
900.181	508.792
900.646	510.671
901.111	509.477
901.576	511.115
902.042	498.717
902.507	513.264
902.972	510.246
903.437	503.04
903.904	517.798
904.368	524.182
904.833	528.77
905.298	520.608
905.763	510.095
906.229	508.277
906.694	522.725
907.159	510.425
907.623	509.155
908.088	525.053
908.552	511.967
909.019	513.912
909.483	517.826
909.948	533.362
910.412	512.821
910.877	514.994
911.341	522.384
911.805	499.673
912.27	518.549
912.736	512.435
913.2	517.991
913.665	506.698
914.129	516.271
914.593	512.415
915.057	533.588
915.522	523.611
915.986	512.019
916.45	519.384
916.914	511.02
917.378	510.175
917.842	507.865
918.306	516.483
918.77	521.995
919.234	531.829
919.698	519.388
920.162	524.821
920.626	512.244
921.09	506.618
921.554	527.033
922.018	524.357
922.482	520.266
922.945	517.535
923.409	532.232
923.873	523.656
924.337	517.823
924.8	533.654
925.264	508.799
925.728	530.576
926.191	525.699
926.655	519.444
927.119	520.7
927.582	528.89
928.046	519.057
928.507	522.804
928.971	528.919
929.434	529.187
929.898	542.978
930.361	522.061
930.825	514.382
931.288	531.871
931.751	537.907
932.213	529.366
932.676	518.823
933.139	524.971
933.603	532.871
934.066	543.562
934.529	545.168
934.99	539.029
935.453	528.469
935.917	525.464
936.38	539.507
936.843	539.255
937.304	535.199
937.767	540.128
938.23	531.471
938.693	539.157
939.156	529.12
939.617	535.057
940.08	548.192
940.543	538.626
941.005	532.051
941.466	536.799
941.929	538.366
942.392	543.768
942.853	548.711
943.316	536.34
943.778	540.704
944.241	548.509
944.702	548.386
945.164	535.813
945.627	539.354
946.088	538.668
946.55	540.916
947.013	540.842
947.474	533.107
947.936	541.702
948.398	548.306
948.859	552.563
949.321	550.29
949.782	536.801
950.244	538.798
950.707	539.846
951.167	551.265
951.629	546.049
952.09	544.488
952.552	537.834
953.014	551.698
953.475	546.548
953.937	552.294
954.397	558.784
954.859	547.659
955.319	543.073
955.781	557.106
956.244	552.73
956.704	556.225
957.166	565.229
957.626	540.626
958.088	545.41
958.548	541.857
959.01	539.233
959.47	538.477
959.932	555.473
960.391	550.173
960.853	556.032
961.313	540.482
961.775	550.831
962.235	549.63
962.695	558.981
963.156	562.51
963.616	553.891
963.645	553.284
964.111	556.147
964.578	551.841
965.044	552.824
965.509	544.084
965.975	560.665
966.442	557.313
966.907	556.621
967.373	531.135
967.838	551.14
968.304	546.412
968.771	544.103
969.236	548.068
969.701	546.907
970.167	554.23
970.632	549.938
971.099	548.576
971.564	562.541
972.029	559.693
972.494	556.245
972.959	540.362
973.424	553.524
973.891	546.187
974.357	555.325
974.822	549.405
975.286	517.961
975.751	557.369
976.216	553.669
976.681	558.524
977.146	555.97
977.613	570.701
978.078	551.764
978.543	534.594
979.007	535.489
979.472	558.25
979.937	540.508
980.401	549.148
980.866	557.853
981.331	545.114
981.795	530.993
982.26	546.664
982.725	570.638
983.189	548.847
983.654	546.79
984.118	561.676
984.583	552.925
985.047	556.209
985.514	556.625
985.978	569.094
986.442	550.085
986.907	557.419
987.369	527.184
987.833	547.816
988.298	557.45
988.762	551.218
989.226	543.936
989.69	557.328
990.155	550.643
990.619	530.794
991.083	559.538
991.547	546.538
992.011	557.694
992.475	542.399
992.939	542.364
993.403	556.546
993.867	564.939
994.331	556.458
994.795	544.811
995.257	552.003
995.721	550.798
996.185	551.21
996.649	545.383
997.113	556.085
997.577	570.974
998.04	565.334
998.504	564.229
998.966	566.238
999.43	549.694
999.893	569.182
1000.36	550.56
1000.82	547.396
1001.28	533.257
1001.75	555.116
1002.21	557.014
1002.67	569.809
1003.14	555.823
1003.6	546.309
1004.06	558.765
1004.53	540.168
1004.99	558.611
1005.45	559.313
1005.92	559.32
1006.38	553.775
1006.84	562.801
1007.3	560.052
1007.77	562.326
1008.23	572.099
1008.69	557.437
1009.15	563.787
1009.62	553.328
1010.08	566.889
1010.54	545.702
1011	545.227
1011.47	560.638
1011.93	558.153
1012.39	563.076
1012.85	551.607
1013.32	555.507
1013.78	564.224
1014.24	568.231
1014.7	553.583
1015.17	556.739
1015.63	548.405
1016.09	555.82
1016.55	562.587
1017.01	560.804
1017.48	567.489
1017.94	574.106
1018.4	576.573
1018.86	571.839
1019.33	573.91
1019.79	567.749
1020.25	548.557
1020.71	572.982
1021.17	564.249
1021.63	572.227
1022.09	571.061
1022.56	565.918
1023.02	574.534
1023.48	585.295
1023.94	585.522
1024.4	575.819
1024.86	574.9
1025.33	584.126
1025.79	566.335
1026.25	561.164
1026.71	592.199
1027.17	575.571
1027.63	562.444
1028.09	569.161
1028.56	597.382
1029.02	584.249
1029.48	560.48
1029.94	601.944
1030.4	573.342
1030.86	573.76
1031.32	598.395
1031.78	581.939
1032.24	583.862
1032.71	581.982
1033.17	573.633
1033.63	582.096
1034.09	580.778
1034.55	568.31
1035.01	562.749
1035.47	598.912
1035.93	577.66
1036.39	589.536
1036.85	592.484
1037.31	596.758
1037.77	590.72
1038.23	598.675
1038.69	593.595
1039.16	603.245
1039.61	593.084
1040.07	595.677
1040.54	576.442
1041	585.376
1041.46	589.54
1041.92	595.374
1042.38	587.355
1042.84	604.242
1043.3	590.063
1043.76	595.689
1044.22	577.947
1044.68	612.386
1045.14	607.482
1045.6	607.165
1046.06	603.884
1046.52	602.074
1046.98	592.787
1047.44	601.744
1047.9	593.562
1048.36	604.966
1048.82	612.549
1049.27	607.649
1049.74	605.367
1050.19	597.092
1050.65	612.115
1051.11	607.809
1051.57	612.804
1052.03	620.271
1052.49	603.429
1052.95	610.088
1053.41	594.152
1053.87	596.52
1054.33	626.468
1054.79	625.403
1055.25	616.326
1055.71	605.407
1056.17	619.192
1056.63	606.694
1057.08	606.222
1057.54	597.841
1058	619.148
1058.46	621.615
1058.92	641.426
1059.38	615.852
1059.84	612.018
1060.3	608.486
1060.76	601.408
1061.21	602.163
1061.67	633.916
1062.13	610.484
1062.59	607.501
1063.05	606.698
1063.51	626.333
1063.97	628.339
1064.42	625.745
1064.88	630.96
1065.34	607.383
1065.8	607.621
1066.26	637.601
1066.72	602.016
1067.18	604.132
1067.63	612.132
1068.09	625.641
1068.55	622.551
1069.01	607.73
1069.47	608.496
1069.93	618.978
1070.38	614.952
1070.84	622.27
1071.3	627.754
1071.76	615.857
1072.22	622.912
1072.67	611.008
1073.13	611.641
1073.59	614.133
1074.05	631.581
1074.5	609.7
1074.96	622.648
1075.42	642.428
1075.88	622.405
1076.33	626.88
1076.79	616.148
1077.25	639.293
1077.71	624.462
1078.17	605.154
1078.62	613.822
1079.08	601.043
1079.54	601.706
1079.99	634.118
1080.45	607.79
1080.91	613.903
1081.37	616.178
1081.82	611.153
1082.28	629.191
1082.74	636.169
1083.19	624.227
1083.65	598.948
1084.11	624.07
1084.57	623.071
1085.02	624.47
1085.48	614.76
1085.94	620.082
1086.39	625.641
1086.85	621.176
1087.31	634.614
1087.76	627.827
1088.22	614.926
1088.68	632.63
1089.14	603.973
1089.59	616.477
1090.05	627.547
1090.51	631.371
1090.96	614.289
1091.42	631.873
1091.87	629.347
1092.33	646.809
1092.79	629.444
1093.24	625.463
1093.7	591.278
1094.16	627.19
1094.61	612.276
1095.07	628.425
1095.53	621.622
1095.98	632.295
1096.44	628.301
1096.89	629.776
1097.35	626.427
1097.81	639.066
1098.26	620.993
1098.72	622.782
1099.17	635.609
1099.63	619.948
1100.08	617.656
1100.54	618.074
1101	644.644
1101.45	634.979
1101.91	618.806
1102.36	631.996
1102.82	629.325
1103.27	641.801
1103.73	641.755
1104.19	654.264
1104.64	631.806
1105.1	659.565
1105.55	627.487
1106.01	625.679
1106.46	637.549
1106.92	640.042
1107.37	653.925
1107.83	642.414
1108.28	650.293
1108.74	659.45
1109.19	637.539
1109.65	631.48
1110.1	652.506
1110.56	639.22
1111.01	645.694
1111.47	638.752
1111.92	648.28
1112.38	634.602
1112.83	651.906
1113.29	630.53
1113.74	652.814
1114.2	649.398
1114.65	643.34
1115.11	641.487
1115.56	650.057
1116.02	632.949
1116.47	644.458
1116.93	628.789
1117.38	656.957
1117.84	644.656
1118.29	644.57
1118.75	637.351
1119.2	647.013
1119.65	636.302
1120.11	642.813
1120.56	643.167
1121.02	645.475
1121.47	646.341
1121.92	650.171
1122.38	642.777
1122.83	658.716
1123.29	656.776
1123.74	635.354
1124.2	644.532
1124.65	657.243
1125.1	647.712
1125.56	640.499
1126.01	667.663
1126.47	639.822
1126.92	646.643
1127.37	648.626
1127.83	652.664
1128.28	671.711
1128.73	665.993
1129.19	661.139
1129.64	681.371
1130.1	653.263
1130.55	663.234
1131	643.687
1131.46	682.21
1131.91	670.678
1132.36	664.892
1132.82	682.745
1133.27	680.619
1133.72	672.034
1134.18	664.795
1134.63	668.397
1135.08	676.447
1135.54	660.915
1135.99	650.792
1136.44	675.404
1136.9	682.766
1137.35	683.05
1137.8	666.537
1138.25	663.303
1138.71	674.027
1139.16	685.849
1139.61	683.5
1140.07	665.897
1140.52	686.444
1140.97	681.915
1141.42	677.672
1141.88	677.42
1142.33	698.389
1142.78	695.217
1143.24	693.317
1143.69	699.195
1144.14	677.796
1144.59	684.966
1145.04	678.432
1145.5	700.019
1145.95	698.163
1146.4	690.657
1146.85	687.977
1147.31	684.828
1147.76	706.067
1148.21	697.853
1148.66	701.483
1149.11	709.138
1149.57	691.2
1150.02	708.32
1150.47	696.714
1150.92	704.768
1151.38	692.972
1151.83	695.704
1152.28	702.969
1152.73	695.92
1153.18	709.719
1153.64	716.537
1154.09	720.635
1154.54	700.208
1154.99	681.621
1155.44	708.937
1155.89	717.841
1156.35	699.975
1156.8	719.057
1157.25	702.699
1157.7	704.019
1158.15	714.513
1158.6	710.797
1159.05	719.908
1159.51	717.513
1159.96	711.449
1160.41	715.986
1160.86	710.184
1161.31	717.698
1161.76	718.463
1162.21	715.043
1162.66	711.378
1163.12	711.145
1163.57	711.685
1164.02	715.497
1164.47	718.695
1164.92	724.801
1165.37	720.347
1165.82	712.703
1166.27	731.807
1166.72	725.835
1167.17	718.042
1167.63	732.459
1168.07	706.68
1168.53	719.518
1168.98	743.302
1169.43	726.961
1169.88	735.932
1170.33	733.959
1170.78	728.103
1171.23	739.029
1171.68	734.406
1172.13	718.068
1172.58	718.43
1173.03	746.274
1173.48	742.731
1173.93	750.895
1174.38	749.723
1174.83	742.242
1175.28	734.263
1175.73	737.037
1176.18	720.37
1176.63	762.468
1177.08	736.445
1177.53	722.701
1177.98	749.072
1178.43	743.439
1178.88	732.652
1179.33	757.736
1179.78	719.769
1180.23	750.995
1180.68	757.284
1181.13	761.589
1181.58	758.281
1182.03	757.146
1182.48	744.08
1182.93	750.234
1183.38	720.48
1183.83	753.751
1184.28	755.35
1184.73	737.038
1185.18	762.599
1185.63	745.526
1186.08	750.912
1186.53	762.001
1186.97	752.032
1187.42	761.223
1187.87	759.133
1188.32	748.766
1188.77	750.133
1189.22	730.676
1189.67	742.186
1190.12	753.85
1190.57	745.683
1191.02	737.531
1191.47	749.519
1191.92	748.956
1192.36	759.825
1192.81	737.346
1193.26	747.491
1193.71	748.246
1194.16	723.707
1194.61	747.933
1195.06	733.718
1195.51	730.354
1195.95	754.767
1196.4	755.481
1196.85	735.671
1197.3	757.658
1197.75	732.057
1198.2	755.044
1198.65	753.401
1199.09	757.252
1199.54	751.307
1199.99	740.158
1200.44	771.658
1200.89	769.694
1201.33	766.182
1201.78	756.152
1202.23	776.647
1202.68	742.253
1203.13	778.119
1203.58	787.81
1204.02	762.369
1204.47	755.584
1204.92	766.428
1205.37	781.285
1205.82	760.651
1206.26	787.824
1206.71	760.851
1207.16	760.679
1207.61	783.63
1208.05	767.727
1208.5	756.177
1208.95	780.178
1209.4	758.898
1209.84	780.406
1210.29	754.53
1210.74	783.559
1211.19	769.815
1211.63	775.954
1212.08	766.646
1212.53	770.736
1212.98	777.275
1213.42	770.609
1213.87	756.573
1214.32	784.453
1214.77	775.729
1215.21	776.845
1215.66	762.398
1216.11	787.085
1216.55	807.57
1217	789.758
1217.45	777.619
1217.89	780.719
1218.34	792.43
1218.79	784.277
1219.24	818.171
1219.68	787.46
1220.13	816.955
1220.58	785.086
1221.02	783.268
1221.47	794.968
1221.92	813.936
1222.36	812.417
1222.81	805.316
1223.26	792.297
1223.7	822.612
1224.15	787.841
1224.6	812.302
1225.04	825.942
1225.49	810.569
1225.94	811.421
1226.38	818.194
1226.83	827.539
1227.27	811.669
1227.72	824.869
1228.17	827.511
1228.61	832.875
1229.06	821.79
1229.51	819.373
1229.95	828.91
1230.4	812.319
1230.84	817.258
1231.29	831.492
1231.73	824.85
1232.18	814.845
1232.63	817.67
1233.07	824.666
1233.52	837.479
1233.96	823.002
1234.41	823.088
1234.86	822.907
1235.3	858.289
1235.75	833.184
1236.19	855.529
1236.64	821.237
1237.08	854.181
1237.53	832.753
1237.97	833.214
1238.42	838.379
1238.87	851.244
1239.31	827.983
1239.76	848.135
1240.2	839.327
1240.65	836.08
1241.09	832.486
1241.54	837.908
1241.98	837.757
1242.43	862.53
1242.87	859.345
1243.32	868.002
1243.76	879.253
1244.21	840.422
1244.65	880.17
1245.1	870.669
1245.54	882.585
1245.99	859.521
1246.43	871.82
1246.88	861.164
1247.32	880.213
1247.77	850.274
1248.21	861.034
1248.66	874.329
1249.1	862.545
1249.54	871.802
1249.99	862.058
1250.43	876.173
1250.88	878.235
1251.32	887.982
1251.77	884.895
1252.21	900.665
1252.66	882.63
1253.1	868.631
1253.54	876.903
1253.99	855.601
1254.43	885.832
1254.88	899.165
1255.32	899.357
1255.76	877.179
1256.21	868.794
1256.65	875.271
1257.1	899.317
1257.54	883.112
1257.98	901.056
1258.43	885.814
1258.87	904.137
1259.32	906.424
1259.76	888.02
1260.2	892.547
1260.65	878.376
1261.09	902.474
1261.54	909.797
1261.98	915.041
1262.42	912.762
1262.86	906.473
1263.31	925.453
1263.75	912.076
1264.2	920.82
1264.64	919.319
1265.08	916.756
1265.53	906.987
1265.97	934.861
1266.41	917.662
1266.86	927.363
1267.3	928.407
1267.74	891.859
1268.19	913.563
1268.63	918.144
1269.07	949.508
1269.52	941.295
1269.96	928.571
1270.4	956.354
1270.84	927.602
1271.29	924.424
1271.73	940.104
1272.17	935.207
1272.62	922.505
1273.06	921.784
1273.5	917.392
1273.94	942.744
1274.39	929.124
1274.83	928.275
1275.27	942.519
1275.71	947.163
1276.16	935.521
1276.6	935.593
1277.04	944.045
1277.48	944.531
1277.93	932.685
1278.37	942.813
1278.81	939.495
1279.25	930.042
1279.7	948.844
1280.14	944.948
1280.58	931.46
1281.02	915.412
1281.46	952.068
1281.91	934.299
1282.35	933.316
1282.79	948.424
1283.23	945.455
1283.67	908.706
1284.12	941.777
1284.56	931.64
1285	944.957
1285.44	940.857
1285.89	958.32
1286.33	936.402
1286.77	949.075
1287.21	956.41
1287.65	953.754
1288.09	948.215
1288.54	934.727
1288.98	941.21
1289.42	964.117
1289.86	952.305
1290.3	947.292
1290.74	949.934
1291.18	936.246
1291.63	946.661
1292.07	936.031
1292.51	942.541
1292.95	961.353
1293.39	975.816
1293.83	944.991
1294.27	948.512
1294.71	962.402
1295.16	955.412
1295.6	951.333
1296.04	943.475
1296.48	947.241
1296.92	972.456
1297.36	967.904
1297.8	968.895
1298.24	944.048
1298.68	968.271
1299.12	947.78
1299.56	958.473
1300	984.848
1300.45	968.68
1300.89	932.204
1301.33	974.83
1301.77	944.909
1302.21	970.948
1302.65	990.375
1303.09	988.329
1303.53	963.174
1303.97	987.826
1304.41	963.321
1304.85	981.273
1305.29	976.214
1305.73	976.968
1306.17	996.535
1306.61	984.289
1307.05	979.714
1307.49	984.033
1307.93	986.114
1308.37	966.75
1308.81	952.605
1309.25	982.658
1309.69	988.977
1310.13	983.05
1310.57	990.004
1311.01	973.267
1311.45	982.721
1311.89	1017.67
1312.33	1002.38
1312.77	992.586
1313.21	985.662
1313.65	993.019
1314.09	996.091
1314.53	1026.82
1314.97	992.271
1315.41	997.408
1315.85	1014.52
1316.29	1020.25
1316.73	994.206
1317.17	994.396
1317.61	989.261
1318.05	1007.33
1318.49	1006.17
1318.93	989.857
1319.36	1013.95
1319.8	1025.78
1320.24	1015.75
1320.68	1016.52
1321.12	1009.04
1321.56	1008.59
1322	1025.51
1322.44	1004.86
1322.88	1012.75
1323.32	1046.84
1323.76	1002.62
1324.19	1038.13
1324.63	1028.52
1325.07	998.207
1325.51	1007.56
1325.95	1020.58
1326.39	1025.55
1326.83	1046.04
1327.27	1036.85
1327.71	1039.08
1328.14	1032.03
1328.58	1008.06
1329.02	1028.24
1329.46	1044.46
1329.9	1018.32
1330.34	1032.85
1330.77	1020.24
1331.21	1016.51
1331.65	1029.62
1332.09	1036.57
1332.53	1033.98
1332.97	1043.09
1333.41	1027.59
1333.84	1047.33
1334.28	1057.36
1334.72	1049.6
1335.16	1058.63
1335.59	1053.09
1336.03	1043.9
1336.47	1056.44
1336.91	1088.87
1337.35	1041.88
1337.79	1077.26
1338.22	1051.42
1338.66	1076.37
1339.1	1059.04
1339.54	1051.03
1339.97	1064.73
1340.41	1069.26
1340.85	1054.43
1341.29	1057.08
1341.72	1058.06
1342.16	1083.88
1342.6	1084.07
1343.04	1060.55
1343.47	1068.71
1343.91	1069.81
1344.35	1090.04
1344.79	1080.59
1345.22	1083.23
1345.66	1091.3
1346.1	1083.09
1346.54	1091.64
1346.97	1084.14
1347.41	1097.96
1347.85	1071.2
1348.28	1097.85
1348.72	1076.07
1349.16	1095.32
1349.59	1095.76
1350.03	1080.24
1350.47	1077.97
1350.91	1082.66
1351.34	1087.27
1351.78	1083.3
1352.22	1105.11
1352.65	1102.94
1353.09	1091.65
1353.53	1083.08
1353.96	1093.41
1354.4	1085.3
1354.84	1091.09
1355.27	1103.58
1355.71	1102.23
1356.15	1108.55
1356.58	1090.21
1357.02	1101.24
1357.45	1094.5
1357.89	1114.48
1358.33	1095.93
1358.76	1091.64
1359.2	1093.5
1359.64	1096.21
1360.07	1101.05
1360.51	1099.7
1360.95	1098.74
1361.38	1102.72
1361.82	1105.09
1362.25	1090.62
1362.69	1106.47
1363.13	1104.33
1363.56	1099.79
1364	1110.41
1364.43	1103.93
1364.87	1122.4
1365.31	1111.06
1365.74	1106.4
1366.18	1106.96
1366.61	1097.56
1367.05	1104.26
1367.48	1108.84
1367.92	1107.89
1368.35	1100.29
1368.79	1119.69
1369.22	1096.37
1369.66	1100.68
1370.1	1107.69
1370.53	1111.61
1370.97	1102.82
1371.4	1110.69
1371.84	1111.12
1372.27	1120.53
1372.71	1117.27
1373.14	1102.36
1373.58	1106.7
1374.01	1107.04
1374.45	1104.2
1374.88	1111.31
1375.32	1106.76
1375.75	1108.15
1376.19	1115.67
1376.62	1103.92
1377.06	1092.09
1377.49	1094.7
1377.93	1096.33
1378.36	1105.42
1378.8	1106.16
1379.23	1092.69
1379.67	1092.82
1380.1	1105.13
1380.54	1101.68
1380.77	1089.93
1381.21	1099.06
1381.65	1101.54
1382.09	1095.41
1382.53	1079.12
1382.97	1059.56
1383.4	1083.38
1383.84	1095.59
1384.28	1064.33
1384.72	1109.77
1385.16	1074.02
1385.6	1099.32
1386.04	1092.43
1386.48	1112.83
1386.92	1087.62
1387.36	1088.18
1387.8	1088.13
1388.24	1075.91
1388.68	1088.25
1389.12	1068.61
1389.56	1107.56
1390	1086.69
1390.44	1079.74
1390.88	1058.82
1391.32	1044.75
1391.75	1084.23
1392.19	1058.53
1392.63	1055.13
1393.07	1073.75
1393.51	1052.54
1393.95	1073.38
1394.39	1078.91
1394.83	1083.74
1395.27	1057.62
1395.7	1081.88
1396.14	1064.47
1396.58	1066.78
1397.02	1042.92
1397.46	1069.9
1397.9	1042.92
1398.34	1049.16
1398.77	1062.43
1399.21	1032.19
1399.65	1049.1
1400.09	1047.13
1400.53	1049.48
1400.97	1068.11
1401.41	1059.72
1401.84	1074.41
1402.28	1050.16
1402.72	1050.8
1403.16	1062.93
1403.6	1054.64
1404.03	1049.83
1404.47	1055.97
1404.91	1067.64
1405.35	1029.47
1405.79	1027.52
1406.23	1051.01
1406.66	1043.57
1407.1	1055.69
1407.54	1047
1407.98	1053.21
1408.42	1068.89
1408.85	1037.6
1409.29	1055.86
1409.73	1052.26
1410.17	1056.46
1410.6	1034.84
1411.04	1019.99
1411.48	1025.49
1411.92	1052.97
1412.35	1023.66
1412.79	1036
1413.23	1027.98
1413.67	1037.34
1414.11	1033.07
1414.54	1030.02
1414.98	1042.41
1415.42	1024.72
1415.85	1026.31
1416.29	1043.63
1416.73	1028.65
1417.17	1023.66
1417.6	1023.58
1418.04	1029.08
1418.48	1038.87
1418.91	1024.58
1419.35	1022.22
1419.79	1001.84
1420.23	1024.28
1420.66	1019.45
1421.1	1018.57
1421.54	1026.11
1421.97	1030.39
1422.41	1018.44
1422.85	989.894
1423.28	1017.47
1423.72	1016.31
1424.16	1045.05
1424.59	1021.86
1425.03	1010.1
1425.47	1028.4
1425.9	1012.81
1426.34	1014.64
1426.78	1033.47
1427.21	1027.76
1427.65	1020.24
1428.09	1000.31
1428.52	1021.33
1428.96	1023.69
1429.39	1020.34
1429.83	997.936
1430.27	991.44
1430.7	1030
1431.14	1018.02
1431.58	990.348
1432.01	995.649
1432.45	1016.55
1432.88	1035.69
1433.32	1011.4
1433.76	1005.03
1434.19	1017.33
1434.63	1008.02
1435.06	983.867
1435.5	1014.4
1435.94	1017.72
1436.37	1025.72
1436.81	1002.96
1437.24	1032.26
1437.68	997.225
1438.11	1021.9
1438.55	1018.85
1438.99	1012.52
1439.42	997.698
1439.86	1003.72
1440.29	999.618
1440.73	1027.03
1441.16	1017.96
1441.6	992.488
1442.03	996.926
1442.47	1014.37
1442.9	986.199
1443.34	1000.4
1443.78	995.363
1444.21	977.103
1444.65	1001.1
1445.08	990.263
1445.52	1015.2
1445.95	1008
1446.39	999
1446.82	987.958
1447.26	1002.56
1447.69	1011.59
1448.13	1002.99
1448.56	999.483
1449	990.403
1449.43	987.105
1449.87	993.477
1450.3	1003.06
1450.73	992.621
1451.17	984.756
1451.6	996.344
1452.04	992.866
1452.47	964.583
1452.91	1003.79
1453.34	979.044
1453.78	989.518
1454.21	995.218
1454.65	1004.36
1455.08	974.11
1455.52	986.245
1455.95	1000.91
1456.38	998.362
1456.82	989.285
1457.25	984.14
1457.69	991.242
1458.12	988.14
1458.55	1014.13
1458.99	982.886
1459.42	1001.11
1459.86	1002.65
1460.29	955.793
1460.73	1007.13
1461.16	991.848
1461.59	990.186
1462.03	971.079
1462.46	998.01
1462.89	987.241
1463.33	1016
1463.76	1011.66
1464.2	985.648
1464.63	992.521
1465.06	992.134
1465.5	987.446
1465.93	1004.27
1466.36	1005.14
1466.8	986.586
1467.23	983.589
1467.66	991.877
1468.1	970.515
1468.53	1003.94
1468.97	991.247
1469.4	1017.37
1469.83	1006.93
1470.27	991.175
1470.7	957.526
1471.13	985.847
1471.56	973.196
1472	962.555
1472.43	993.803
1472.86	981.118
1473.3	985.722
1473.73	967.34
1474.16	990.088
1474.6	968.703
1475.03	988.628
1475.46	959.342
1475.89	951.53
1476.33	958.264
1476.76	990.671
1477.19	971.488
1477.63	970.468
1478.06	981.072
1478.49	960.432
1478.92	967.554
1479.36	952.706
1479.79	955.515
1480.22	968.744
1480.65	968.747
1481.09	979.228
1481.52	991.077
1481.95	997.374
1482.38	969.746
1482.82	971.732
1483.25	958.501
1483.68	969.984
1484.11	947.963
1484.55	971.349
1484.98	974.683
1485.41	960.364
1485.84	959.637
1486.27	965.666
1486.71	962.117
1487.14	1005.14
1487.57	954.129
1488	965.344
1488.43	976.783
1488.87	969.893
1489.3	962.478
1489.73	973.576
1490.16	952.338
1490.59	955.243
1491.02	959.371
1491.46	941.184
1491.89	961.335
1492.32	981.895
1492.75	974.823
1493.18	946.152
1493.61	970.741
1494.05	966.931
1494.48	984.102
1494.91	975.396
1495.34	970.183
1495.77	975.519
1496.2	994.934
1496.63	985.069
1497.07	976.459
1497.5	967.769
1497.93	982.219
1498.36	949.409
1498.79	973.538
1499.22	997.937
1499.65	955.516
1500.08	979.253
1500.51	993.077
1500.95	964.59
1501.38	983.083
1501.81	979.69
1502.24	977.017
1502.67	975.408
1503.1	984.029
1503.53	996.47
1503.96	979.385
1504.39	948.896
1504.82	976.228
1505.25	969.935
1505.68	981.7
1506.12	973.376
1506.55	979.811
1506.98	987.734
1507.41	985.692
1507.84	965.002
1508.27	964.378
1508.7	979.293
1509.13	977.193
1509.56	982.172
1509.99	973.226
1510.42	1002.82
1510.85	951.297
1511.28	978.696
1511.71	973.481
1512.14	992.902
1512.57	1008.27
1513	997.214
1513.43	994.62
1513.86	996.341
1514.29	1000.75
1514.72	982.653
1515.15	1013.78
1515.58	1016.57
1516.01	1004.07
1516.44	994.273
1516.87	1018.83
1517.3	996.087
1517.73	992.101
1518.16	989.842
1518.59	1017.51
1519.02	983.429
1519.45	1007.68
1519.88	1009.89
1520.31	984.738
1520.74	1013.45
1521.17	1008.32
1521.6	1014.94
1522.03	980.812
1522.46	1004.48
1522.89	1010.72
1523.31	997.433
1523.74	997.372
1524.17	977.976
1524.6	1007.84
1525.03	1004.5
1525.46	999.188
1525.89	1011.97
1526.32	987.399
1526.75	982.91
1527.18	998.449
1527.61	1000.86
1528.04	991.255
1528.47	994.815
1528.89	1007.17
1529.32	992.95
1529.75	1011.74
1530.18	999.031
1530.61	1029.47
1531.04	1006.76
1531.47	1036.4
1531.9	1035.28
1532.32	1026.22
1532.75	1031.76
1533.18	1024.63
1533.61	1039.41
1534.04	1012.06
1534.47	1060.78
1534.89	1058.89
1535.32	1066.16
1535.75	1070.47
1536.18	1050.99
1536.61	1060.55
1537.04	1061
1537.47	1078.04
1537.89	1062.2
1538.32	1085.71
1538.75	1066.41
1539.18	1067.19
1539.61	1061.14
1540.04	1064.85
1540.46	1081.24
1540.89	1078.2
1541.32	1091.54
1541.75	1085.97
1542.17	1103.17
1542.6	1052.98
1543.03	1103.71
1543.46	1121.39
1543.89	1097.85
1544.31	1094.47
1544.74	1089.02
1545.17	1082.9
1545.6	1107.16
1546.03	1106.11
1546.45	1110.34
1546.88	1098.61
1547.31	1104.11
1547.74	1102.62
1548.16	1099
1548.59	1109.92
1549.02	1116.48
1549.44	1117.5
1549.87	1129.18
1550.3	1125.22
1550.73	1114.55
1551.16	1133.66
1551.58	1141.76
1552.01	1126.34
1552.44	1131.13
1552.86	1154.99
1553.29	1141.92
1553.72	1136.43
1554.14	1130.83
1554.57	1159.82
1555	1173.1
1555.42	1175.53
1555.85	1181.1
1556.28	1162.83
1556.71	1185.68
1557.13	1176.98
1557.56	1182.3
1557.99	1167.3
1558.41	1156.41
1558.84	1217.18
1559.27	1218.41
1559.69	1226.28
1560.12	1224.77
1560.55	1197.43
1560.97	1203.61
1561.4	1218.54
1561.83	1188.35
1562.25	1214.31
1562.68	1194.38
1563.11	1220.44
1563.53	1227.71
1563.96	1243.81
1564.38	1246.35
1564.81	1247.18
1565.24	1258.72
1565.66	1272.75
1566.09	1234.54
1566.52	1288.72
1566.94	1265.09
1567.37	1231.87
1567.79	1274.19
1568.22	1273.65
1568.65	1259.48
1569.07	1304.44
1569.5	1283.98
1569.92	1293.17
1570.35	1275.05
1570.77	1263.69
1571.2	1275.09
1571.63	1281.35
1572.05	1275.34
1572.48	1285.47
1572.9	1289.15
1573.33	1332.85
1573.76	1330.72
1574.18	1302.96
1574.61	1336.84
1575.03	1304.03
1575.46	1289.18
1575.88	1315.12
1576.31	1306.14
1576.73	1329.61
1577.16	1349.05
1577.58	1321.87
1578.01	1331.68
1578.43	1338.2
1578.86	1344.18
1579.28	1350.89
1579.71	1371.18
1580.14	1324.52
1580.56	1352.66
1580.99	1331.87
1581.41	1340.47
1581.84	1355.58
1582.26	1344.14
1582.68	1359.23
1583.11	1325.52
1583.53	1352.97
1583.96	1340.05
1584.38	1348.96
1584.81	1364
1585.23	1359.93
1585.66	1348.19
1586.08	1364.19
1586.51	1340.64
1586.93	1355.34
1587.36	1342.87
1587.78	1367.22
1588.21	1311.16
1588.63	1367.21
1589.06	1337.78
1589.48	1347.52
1589.9	1347.35
1590.33	1351.18
1590.75	1339.93
1591.18	1320.48
1591.6	1347.31
1592.03	1349
1592.45	1332.45
1592.87	1316.3
1593.3	1326.87
1593.72	1313.75
1594.15	1333.53
1594.57	1317.56
1594.99	1309.15
1595.42	1313.72
1595.84	1320.1
1596.27	1324.6
1596.69	1310.84
1597.11	1287.6
1597.54	1280.32
1597.96	1296.17
1598.38	1300.14
1598.81	1330.46
1599.23	1317.02
1599.66	1329.44
1600.08	1340.86
1600.5	1331.09
1600.93	1293.06
1601.35	1330.69
1601.77	1315.77
1602.2	1320.21
1602.62	1301.54
1603.05	1300.41
1603.47	1297.4
1603.89	1322.63
1604.31	1270.41
1604.74	1293.69
1605.16	1266.87
1605.58	1272.46
1606.01	1275.87
1606.43	1279.29
1606.85	1293.47
1607.28	1267.97
1607.7	1283.31
1608.12	1257.72
1608.55	1241.31
1608.97	1239.49
1609.39	1234.83
1609.82	1209.91
1610.24	1239.43
1610.66	1229.62
1611.08	1228.27
1611.51	1218.63
1611.93	1221.9
1612.35	1208.74
1612.77	1233.55
1613.2	1194.61
1613.62	1206.92
1614.04	1196.55
1614.46	1183.71
1614.89	1189.82
1615.31	1147.6
1615.73	1182.82
1616.16	1169.59
1616.58	1170.74
1617	1169.71
1617.42	1152.16
1617.84	1172.94
1618.27	1169.35
1618.69	1161.68
1619.11	1124.25
1619.53	1160.71
1619.96	1153.83
1620.38	1130.6
1620.8	1110.12
1621.22	1126.1
1621.64	1117.97
1622.07	1120.37
1622.49	1096.95
1622.91	1075.43
1623.33	1116.51
1623.75	1080.17
1624.17	1078.42
1624.6	1053.22
1625.02	1061.61
1625.44	1059.59
1625.86	1067.2
1626.28	1030.77
1626.71	1054.35
1627.13	1036.51
1627.55	1031.62
1627.97	1014.34
1628.39	1044.72
1628.81	1005.82
1629.24	993.048
1629.66	999.074
1630.08	992.006
1630.5	967.512
1630.92	982.854
1631.34	987.638
1631.76	981.455
1632.18	973.276
1632.61	963.158
1633.03	948.992
1633.45	966.093
1633.87	955.064
1634.29	964.762
1634.71	961.181
1635.13	934.772
1635.55	909.948
1635.97	920.021
1636.39	914.086
1636.82	892.796
1637.24	921.807
1637.66	907.769
1638.08	904.866
1638.5	899.152
1638.92	898.844
1639.34	909.106
1639.76	911.499
1640.18	885.571
1640.6	878.177
1641.02	895.496
1641.44	883.518
1641.86	879.572
1642.28	871.888
1642.71	868.364
1643.13	858.307
1643.55	863.241
1643.97	836.786
1644.39	837.706
1644.81	845.774
1645.23	837.361
1645.65	838.63
1646.07	833.325
1646.49	844.665
1646.91	835.533
1647.33	813.714
1647.75	817.984
1648.17	799.919
1648.59	824.926
1649.01	810.677
1649.43	817.66
1649.85	810.182
1650.27	805.598
1650.69	831.63
1651.11	788.87
1651.53	808.14
1651.95	796.149
1652.37	789.092
1652.79	810.946
1653.21	798.609
1653.63	810.942
1654.05	789.078
1654.46	773.909
1654.88	778.105
1655.3	785.831
1655.72	781.593
1656.14	773.597
1656.56	773.715
1656.98	760.826
1657.4	749.236
1657.82	756.517
1658.24	773.606
1658.66	774.191
1659.08	773.938
1659.5	792.42
1659.92	769.114
1660.34	767.755
1660.76	760.843
1661.17	751.457
1661.59	750.241
1662.01	765.396
1662.43	758.317
1662.85	746.779
1663.27	760.268
1663.69	748.635
1664.11	736.887
1664.53	743.73
1664.94	733.964
1665.36	749.823
1665.78	746.803
1666.2	724.643
1666.62	717.011
1667.04	745.528
1667.46	746.425
1667.87	730.818
1668.29	730.86
1668.71	729.08
1669.13	735.665
1669.55	739.761
1669.97	727.545
1670.39	744.774
1670.8	730.524
1671.22	738.064
1671.64	712.712
1672.06	720.227
1672.48	714.499
1672.89	719.75
1673.31	722.055
1673.73	719.007
1674.15	715.511
1674.57	688.279
1674.99	702.298
1675.4	712.287
1675.82	721.571
1676.24	721.408
1676.66	716.811
1677.08	701.988
1677.49	718.899
1677.91	700.84
1678.33	701.553
1678.75	702.754
1679.16	716.507
1679.58	700.302
1680	708.187
1680.42	694.334
1680.84	698.898
1681.25	681.076
1681.67	689.376
1682.09	701.879
1682.5	677.451
1682.92	676.969
1683.34	707.348
1683.76	694.166
1684.17	695.347
1684.59	697.387
1685.01	695.793
1685.43	701.377
1685.84	715.347
1686.26	700.522
1686.68	693.219
1687.09	723.731
1687.51	706.015
1687.93	709.028
1688.35	697.074
1688.76	705.203
1689.18	708.492
1689.6	704.513
1690.01	694.168
1690.43	715.539
1690.85	686.258
1691.27	689.98
1691.68	694.689
1692.1	687.242
1692.52	691.302
1692.93	679.286
1693.35	695.497
1693.77	706.615
1694.18	690.969
1694.6	706.435
1695.02	706.505
1695.43	701.108
1695.85	684.274
1696.26	684.839
1696.68	707.007
1697.1	701.552
1697.51	695.807
1697.93	687.709
1698.35	700.718
1698.76	668.213
1699.18	707.871
1699.6	695.256
1700.01	690.336
1700.43	670.852
1700.84	724.621
1701.26	689.078
1701.68	701.966
1702.09	689.363
1702.51	692.718
1702.92	688.835
1703.34	721.563
1703.76	687.502
1704.17	718.951
1704.59	709.568
1705	705.974
1705.42	668.798
1705.83	698.982
1706.25	704.811
1706.67	681.411
1707.08	696.396
1707.5	712.164
1707.91	692.057
1708.33	700.126
1708.74	697.678
1709.16	688.704
1709.57	693.378
1709.99	701.224
1710.4	668.108
1710.82	695.682
1711.24	676.694
1711.65	681.929
1712.07	699.07
1712.48	685.802
1712.9	689.959
1713.31	690.268
1713.73	696.354
1714.14	682.638
1714.56	706.744
1714.97	682.11
1715.39	684.479
1715.8	683.871
1716.22	696.891
1716.63	671.894
1717.05	693.31
1717.46	673.835
1717.88	681.321
1718.29	675.349
1718.71	695.037
1719.12	676.942
1719.54	689.811
1719.95	674.518
1720.37	669.921
1720.78	685.912
1721.19	676.729
1721.61	673.843
1722.02	666.082
1722.44	668.793
1722.85	673.607
1723.27	664.342
1723.68	678.614
1724.1	674.582
1724.51	695.206
1724.92	669.694
1725.34	664.828
1725.75	667.678
1726.17	662.35
1726.58	672.08
1727	678.576
1727.41	678.862
1727.82	647.058
1728.24	659.483
1728.65	661.938
1729.07	654.662
1729.48	680.351
1729.89	658.468
1730.31	659.454
1730.72	674.352
1731.14	652.118
1731.55	674.03
1731.96	659.848
1732.38	654.363
1732.79	666.942
1733.2	678.616
1733.62	661.583
1734.03	659.596
1734.44	647.866
1734.86	658.79
1735.27	654.167
1735.69	641.768
1736.1	650.166
1736.51	654.33
1736.93	648.785
1737.34	661.472
1737.75	651.661
1738.17	644.339
1738.58	646.469
1738.99	646.651
1739.4	650.206
1739.82	650.147
1740.23	654.964
1740.65	653.799
1741.06	642.257
1741.47	649.59
1741.88	655.705
1742.3	642.824
1742.71	646.616
1743.12	656.699
1743.54	646.643
1743.95	643.57
1744.36	642.931
1744.78	640.478
1745.19	648.521
1745.6	644.358
1746.01	643.823
1746.43	640.033
1746.84	646.563
1747.25	649.829
1747.66	646.779
1748.08	654.412
1748.49	642.763
1748.9	651.399
1749.31	654.099
1749.73	656.197
1750.14	640.301
1750.55	641.214
1750.96	650.089
1751.38	643.163
1751.79	638.651
1752.2	647.179
1752.61	638.684
1753.02	636.524
1753.44	636.378
1753.85	624.917
1754.26	642.262
1754.67	653.634
1755.08	638.723
1755.5	632.891
1755.91	637.685
1756.32	632.385
1756.73	632.256
1757.14	634.69
1757.56	638.237
1757.97	638.409
1758.38	631.54
1758.79	641.812
1759.2	641.208
1759.62	633.167
1760.03	636.761
1760.44	629.803
1760.85	639.456
1761.26	624.047
1761.67	634.888
1762.09	634.602
1762.5	644.365
1762.91	640.433
1763.32	648.633
1763.73	640.021
1764.14	621.564
1764.55	636.963
1764.96	630.035
1765.38	628.01
1765.79	641.137
1766.2	632.421
1766.61	629.753
1767.02	649.767
1767.43	638.916
1767.84	626.378
1768.25	643.371
1768.67	637.441
1769.08	643.702
1769.49	635.104
1769.9	633.541
1770.31	638.65
1770.72	649.833
1771.13	649.345
1771.19	649.01
1771.61	619.514
1772.02	643.056
1772.44	640.709
1772.85	628.038
1773.27	635.417
1773.69	641.352
1774.1	638.028
1774.52	630.151
1774.93	632.585
1775.35	621.855
1775.77	627.495
1776.18	622.536
1776.6	635.594
1777.01	628.043
1777.43	644.718
1777.84	629.583
1778.26	623.249
1778.68	645.88
1779.09	620.036
1779.51	625.553
1779.92	618.488
1780.34	624.53
1780.75	630.997
1781.17	622.242
1781.58	631.226
1782	626.47
1782.41	619.472
1782.83	631.544
1783.24	633.479
1783.66	632.34
1784.07	633.752
1784.49	613.897
1784.9	632.978
1785.32	631.739
1785.73	637.008
1786.15	616.327
1786.56	628.67
1786.98	626.404
1787.39	634.554
1787.81	638.546
1788.22	623.216
1788.64	632.274
1789.05	623.768
1789.47	622.987
1789.88	633.506
1790.3	622.657
1790.71	618.37
1791.13	620.934
1791.54	612.237
1791.95	639.19
1792.37	624.025
1792.78	623.44
1793.2	610.113
1793.61	630.933
1794.03	619.685
1794.44	609.624
1794.86	645.607
1795.27	627.274
1795.68	622.328
1796.1	638.183
1796.51	619.257
1796.93	632.689
1797.34	627.07
1797.75	624.997
1798.17	626.172
1798.58	642.467
1799	637.891
1799.41	633.822
1799.82	622.553
1800.24	650.448
1800.65	623.788
1801.07	629.612
1801.48	626.412
1801.89	622.469
1802.31	632.844
1802.72	617.06
1803.14	629.973
1803.55	625.211
1803.96	640.228
1804.38	615.973
1804.79	640.132
1805.2	621.008
1805.62	624.835
1806.03	609.746
1806.44	632.106
1806.86	639.619
1807.27	619.163
1807.68	633.662
1808.1	628.483
1808.51	621.183
1808.92	606.182
1809.34	638.116
1809.75	619.388
1810.16	630.681
1810.58	616.181
1810.99	622.725
1811.4	625.665
1811.82	631.234
1812.23	635.002
1812.64	634.919
1813.06	625.071
1813.47	625.332
1813.88	624.424
1814.29	623.817
1814.71	633.877
1815.12	628.196
1815.53	611.813
1815.95	634.241
1816.36	624.329
1816.77	611.151
1817.18	627.908
1817.6	607.653
1818.01	641.644
1818.42	611.992
1818.83	612.596
1819.25	612.64
1819.66	621.591
1820.07	630.835
1820.48	624.06
1820.9	613.407
1821.31	637.42
1821.72	628.266
1822.13	594.557
1822.55	626.702
1822.96	611.43
1823.37	639.7
1823.78	626.322
1824.19	625.819
1824.61	637.596
1825.02	628.829
1825.43	623.051
1825.84	635.739
1826.25	636.782
1826.67	620.263
1827.08	619.821
1827.49	595.729
1827.9	608.274
1828.31	644.434
1828.73	629.946
1829.14	609.543
1829.55	613.737
1829.96	611.141
1830.37	622.43
1830.79	621.203
1831.2	624.898
1831.61	627.014
1832.02	619.042
1832.43	613.786
1832.84	625.805
1833.25	602.133
1833.67	625.175
1834.08	629.855
1834.49	635.078
1834.9	631.411
1835.31	623.917
1835.72	623.553
1836.13	618.796
1836.55	614.943
1836.96	629.398
1837.37	624.339
1837.78	619.856
1838.19	616.254
1838.6	637.158
1839.01	635.305
1839.42	633.128
1839.84	616.755
1840.25	616.911
1840.66	624.482
1841.07	623.276
1841.48	630.123
1841.89	617.846
1842.3	622.685
1842.71	615.357
1843.12	611.764
1843.53	610.429
1843.94	622.299
1844.35	612.305
1844.76	617.659
1845.18	621.853
1845.59	615.745
1846	611.394
1846.41	611.43
1846.82	601.736
1847.23	622.38
1847.64	611.064
1848.05	606.386
1848.46	598.944
1848.87	620.467
1849.28	615.823
1849.69	618.153
1850.1	631.507
1850.51	614.609
1850.92	628.508
1851.33	624.372
1851.74	615.839
1852.15	616.783
1852.56	604.263
1852.97	611.801
1853.38	620.261
1853.79	616.105
1854.2	607.844
1854.61	590.753
1855.02	608.621
1855.43	612.047
1855.84	602.228
1856.25	609.759
1856.66	626.14
1857.07	626.404
1857.48	618.756
1857.89	615.205
1858.3	616.018
1858.71	621.194
1859.12	619.603
1859.53	607.472
1859.94	610.665
1860.35	614.205
1860.76	630.401
1861.17	615.463
1861.58	618.694
1861.99	611.009
1862.39	634.104
1862.8	596.687
1863.21	606.242
1863.62	608.79
1864.03	613.463
1864.44	616.156
1864.85	608.612
1865.26	601.904
1865.67	609.17
1866.08	598.688
1866.49	596.047
1866.9	605.742
1867.31	626.406
1867.71	589.808
1868.12	617.248
1868.53	606.894
1868.94	587.633
1869.35	618.372
1869.76	595.893
1870.17	596.859
1870.58	611.109
1870.98	593.279
1871.39	618.679
1871.8	624.771
1872.21	619.62
1872.62	615.159
1873.03	609.033
1873.44	615.098
1873.84	611.784
1874.25	599.526
1874.66	612.654
1875.07	610.479
1875.48	608.439
1875.89	607.577
1876.29	593.395
1876.7	607.735
1877.11	608.061
1877.52	599.719
1877.93	595.723
1878.34	590.637
1878.74	606.201
1879.15	609.117
1879.56	610.17
1879.97	594.039
1880.38	601.265
1880.79	618.02
1881.19	617.636
1881.6	594.022
1882.01	595.264
1882.42	601.247
1882.83	616.112
1883.23	600.375
1883.64	599.888
1884.05	620.434
1884.46	607.841
1884.86	617.371
1885.27	617.46
1885.68	612.849
1886.09	606.831
1886.49	620.212
1886.9	597.22
1887.31	612.073
1887.72	611.251
1888.12	614.565
1888.53	614.617
1888.94	606.942
1889.35	607.92
1889.76	608.193
1890.16	624.8
1890.57	615.6
1890.98	616.663
1891.38	624.17
1891.79	617.593
1892.2	622.966
1892.61	603.411
1893.01	615.452
1893.42	617.021
1893.83	607.906
1894.23	606.554
1894.64	612.36
1895.05	593.355
1895.45	629.368
1895.86	619.029
1896.27	618.235
1896.68	622.312
1897.08	614.299
1897.49	611.809
1897.9	621.306
1898.3	618.204
1898.71	622.434
1899.12	619.085
1899.52	603.493
1899.93	611.058
1900.34	620.115
1900.74	618.946
1901.15	621
1901.56	607.563
1901.96	617.862
1902.37	612.411
1902.77	621.936
1903.18	623.586
1903.59	619.662
1903.99	606.905
1904.4	615.772
1904.81	624
1905.21	595.261
1905.62	623.053
1906.02	617.72
1906.43	603.008
1906.84	620.522
1907.24	617.234
1907.65	608.091
1908.05	605.986
1908.46	615.907
1908.87	612.963
1909.27	602.126
1909.68	595.966
1910.08	606.465
1910.49	617.491
1910.9	613.521
1911.3	604.837
1911.71	613.427
1912.11	615.042
1912.52	607.375
1912.92	595.979
1913.33	603.645
1913.74	613.376
1914.14	598.526
1914.55	586.585
1914.95	600.97
1915.36	601.882
1915.76	600.423
1916.17	616.76
1916.58	591.163
1916.98	601.178
1917.39	599.72
1917.79	612.58
1918.2	594.532
1918.6	612.849
1919.01	607.659
1919.41	604.628
1919.82	603.379
1920.22	621.653
1920.63	614.346
1921.03	603.664
1921.44	620.931
1921.84	611.589
1922.25	613.721
1922.65	605.768
1923.06	603.774
1923.46	633.095
1923.87	606.638
1924.27	598.828
1924.68	611.705
1925.08	621.604
1925.49	615.086
1925.89	595.079
1926.3	622.912
1926.7	610.426
1927.1	624.231
1927.51	603.686
1927.91	625.833
1928.32	608.099
1928.72	614.026
1929.13	595.119
1929.53	602.695
1929.94	598.526
1930.34	619.991
1930.75	615.219
1931.15	613.151
1931.55	617.909
1931.96	601.19
1932.36	589.487
1932.77	608.427
1933.17	609.448
1933.58	600.939
1933.98	599.531
1934.38	608.18
1934.79	612.958
1935.19	611.946
1935.6	604.661
1936	603.955
1936.4	614.746
1936.81	609.293
1937.21	600.03
1937.61	611.075
1938.02	589.104
1938.42	624.151
1938.83	600.662
1939.23	618.85
1939.63	596.951
1940.04	620.509
1940.44	618.773
1940.85	610.329
1941.25	619.018
1941.65	613.71
1942.05	611.586
1942.46	592.294
1942.86	616.335
1943.27	610.693
1943.67	613.467
1944.07	613.039
1944.47	614.089
1944.88	611.119
1945.28	604.135
1945.69	616.943
1946.09	592.252
1946.49	621.269
1946.89	617.071
1947.3	600.016
1947.7	607.024
1948.11	609.966
1948.51	610.344
1948.91	601.805
1949.31	606.691
1949.72	611.051
1950.12	610.492
1950.52	594.231
1950.93	597.338
1951.33	598.343
1951.73	601.343
1952.13	605.232
1952.54	606.293
1952.94	595.265
1953.34	618.476
1953.74	605.737
1954.15	614.368
1954.55	613.062
1954.95	611.998
1955.36	598.498
1955.76	625.876
1956.16	609.01
1956.56	612.691
1956.96	620.933
1957.37	609.115
1957.77	600.421
1958.17	610.814
1958.57	601.355
1958.98	605.609
1959.38	613.447
1959.78	612.092
1960.18	604.33
1960.59	608.873
1960.99	612.132
1961.39	602.889
1961.79	599.689
1962.19	625.375
1962.6	615.386
1963	614.444
1963.4	614.444
1963.8	608.697
1964.2	609.537
1964.61	601.067
1965.01	609.223
1965.41	603.495
1965.81	601.521
1966.21	606.515
1966.61	611.299
1967.02	599.459
1967.42	624.479
1967.82	603.439
1968.22	607.68
1968.62	611.587
1969.02	615.472
1969.43	599.224
1969.83	603.115
1970.23	605.267
1970.63	614.271
1971.03	603.663
1971.43	591.557
1971.83	593.787
1972.24	607.256
1972.64	595.065
1973.04	608.023
1973.44	621.177
1973.84	612.343
1974.24	599.151
1974.64	590.086
1975.04	610.943
1975.44	601.156
1975.85	583.256
1976.25	599.541
1976.65	603.362
1977.05	590.747
1977.45	605.777
1977.85	589.002
1978.25	591.346
1978.65	594.407
1979.05	593.618
1979.45	586.768
1979.86	599.448
1980.26	596.197
1980.66	599.65
1981.06	592.86
1981.46	600.665
1981.86	598.364
1982.26	597.671
1982.66	606.06
1983.06	601.843
1983.46	606.576
1983.86	597.99
1984.26	600.977
1984.66	617.482
1985.06	606.18
1985.46	620.821
1985.86	620.139
1986.26	605.902
1986.66	607.11
1987.06	596.351
1987.46	606.552
1987.86	612.218
1988.26	593.274
1988.66	605.737
1989.06	599.558
1989.46	601.942
1989.86	590.926
1990.26	585.673
1990.66	611.294
1991.06	609.751
1991.46	595.018
1991.86	607.939
1992.26	614.308
1992.66	593.372
1993.06	603.656
1993.46	602.342
1993.86	614.767
1994.26	591.195
1994.66	606.11
1995.06	583.873
1995.46	592.778
1995.86	611.734
1996.26	601.314
1996.66	592.027
1997.06	598.404
1997.46	606.423
1997.86	610.677
1998.26	610.94
1998.66	604.985
1999.05	612.561
1999.45	616.502
1999.85	599.867
2000.25	607.793
2000.65	615.632
2001.05	611.304
2001.45	618.892
2001.85	614.108
2002.25	623.62
2002.65	606.003
2003.05	630.51
2003.45	618.52
2003.85	618.634
2004.24	597.922
2004.64	626.438
2005.04	617.448
2005.44	615.866
2005.84	603.954
2006.24	613.815
2006.64	612.532
2007.04	615.558
2007.43	620.558
2007.83	621.153
2008.23	632.194
2008.63	613.272
2009.03	607.738
2009.43	622.266
2009.83	613.744
2010.22	593.118
2010.62	599.557
2011.02	600.668
2011.42	610.971
2011.82	604.358
2012.22	615.2
2012.61	616.58
2013.01	616.813
2013.41	620.166
2013.81	609.07
2014.21	601.557
2014.61	625.178
2015	605.687
2015.4	608.028
2015.8	610.772
2016.2	617.963
2016.6	611.223
2017	612.54
2017.39	601.767
2017.79	609.854
2018.19	613.308
2018.59	615.631
2018.99	607.404
2019.38	630.257
2019.78	616.429
2020.18	597.421
2020.58	612.554
2020.97	619.309
2021.37	601.033
2021.77	620.728
2022.17	604.528
2022.56	616.261
2022.96	610.983
2023.36	613.644
2023.76	636.854
2024.15	600.038
2024.55	616.405
2024.95	613.293
2025.35	602.336
2025.74	617.778
2026.14	629.086
2026.54	614.814
2026.94	616.841
2027.33	630.52
2027.73	620.157
2028.13	608.907
2028.52	610.132
2028.92	619.276
2029.32	626.521
2029.71	610.707
2030.11	611.268
2030.51	615.163
2030.91	620.941
2031.3	620.261
2031.7	597.603
2032.1	607.605
2032.49	625.194
2032.89	605.646
2033.29	604.662
2033.69	615.866
2034.08	605.41
2034.48	611.4
2034.87	604.629
2035.27	603.615
2035.67	612.713
2036.06	613.403
2036.46	618.397
2036.86	612.331
2037.25	622.702
2037.65	628.703
2038.05	635.029
2038.44	622.352
2038.84	619.049
2039.24	632.917
2039.63	637.827
2040.03	607.606
2040.43	618.716
2040.82	642.187
2041.22	626.759
2041.61	621.805
2042.01	614.893
2042.41	635.004
2042.8	605.548
2043.2	625.934
2043.59	623.326
2043.99	611.923
2044.39	629.751
2044.78	624.963
2045.18	632.715
2045.57	623.774
2045.97	625.964
2046.37	608.785
2046.76	617.998
2047.16	605.969
2047.55	616.795
2047.95	604.635
2048.34	618.307
2048.74	624.744
2049.14	619.585
2049.53	641.127
2049.93	623.984
2050.32	615.779
2050.72	629.905
2051.11	623.459
2051.51	620.326
2051.9	627.223
2052.3	628.155
2052.7	625.363
2053.09	636.792
2053.49	636.765
2053.88	612.421
2054.28	612.977
2054.67	641.376
2055.07	605.664
2055.46	618.83
2055.86	627.92
2056.25	605.048
2056.65	602.273
2057.04	616.951
2057.44	616.222
2057.83	606.763
2058.23	626.924
2058.62	639.256
2059.02	611.872
2059.41	620.286
2059.81	606.43
2060.2	624.273
2060.6	614.226
2060.99	615.15
2061.39	616.559
2061.78	613.524
2062.18	616.836
2062.57	600.418
2062.97	619.756
2063.36	615.929
2063.75	617.367
2064.15	606.044
2064.54	617.055
2064.94	621.088
2065.33	607.43
2065.73	618.186
2066.12	628.118
2066.52	633.147
2066.91	634.11
2067.3	612.973
2067.7	619.962
2068.09	618.502
2068.49	611.225
2068.88	603.937
2069.27	625.36
2069.67	612.163
2070.06	616.015
2070.46	609.664
2070.85	616.384
2071.25	613.91
2071.64	621.702
2072.03	638.278
2072.43	604.112
2072.82	618.844
2073.21	605.881
2073.61	615.967
2074	604.556
2074.4	613.454
2074.79	620.738
2075.18	610.255
2075.58	616.403
2075.97	618.596
2076.36	622.26
2076.76	605.622
2077.15	625.364
2077.54	611.113
2077.94	619.316
2078.33	624.814
2078.73	613.788
2079.12	623.036
2079.51	606.367
2079.91	610.338
2080.3	612.39
2080.69	608.124
2081.08	628.947
2081.48	608.659
2081.87	618.334
2082.27	619.277
2082.66	609.792
2083.05	614.15
2083.45	617.058
2083.84	620.838
2084.23	619.164
2084.62	627.912
2085.02	618.577
2085.41	619.676
2085.8	625.691
2086.19	610.352
2086.59	602.996
2086.98	603.333
2087.37	614.287
2087.77	615.5
2088.16	605.593
2088.55	610.142
2088.94	622.738
2089.34	602.745
2089.73	604.74
2090.12	602.595
2090.51	605.038
2090.91	609.033
2091.3	602.338
2091.69	603.296
2092.09	603.788
2092.48	609.713
2092.87	591.127
2093.26	599.949
2093.65	606.943
2094.05	612.468
2094.44	588.769
2094.83	625.609
2095.22	617.159
2095.62	616.693
2096.01	609.571
2096.4	618.148
2096.79	618.423
2097.19	586.724
2097.58	583.164
2097.97	600.27
2098.36	609.391
2098.75	618.759
2099.14	601.474
2099.54	611.881
2099.93	611.155
2100.32	585.923
2100.71	596.184
2101.1	589.033
2101.5	622.679
2101.89	603.939
2102.28	595.67
2102.67	613.045
2103.06	614.477
2103.45	603.446
2103.85	606.265
2104.24	601.7
2104.63	606.813
2105.02	610.166
2105.41	610.323
2105.8	614.084
2106.19	607.108
2106.58	612.466
2106.98	608.481
2107.37	604.575
2107.76	600.311
2108.15	596.682
2108.54	598.392
2108.93	619.742
2109.33	614.911
2109.72	612.678
2110.11	607.577
2110.5	604.753
2110.89	610.062
2111.28	611.417
2111.67	606.062
2112.06	609.622
2112.45	617.2
2112.84	620.198
2113.23	605.544
2113.62	592.568
2114.02	603.486
2114.41	608.73
2114.8	606.46
2115.19	617.285
2115.58	597.457
2115.97	605.509
2116.36	607.25
2116.75	613.798
2117.14	601.404
2117.53	596.637
2117.92	600.26
2118.31	606.258
2118.7	594.62
2119.09	602.099
2119.48	598.733
2119.87	605.274
2120.27	596.079
2120.66	609.872
2121.05	605.914
2121.44	604.269
2121.83	607.856
2122.22	604.474
2122.61	600.18
2123	600.685
2123.39	605.231
2123.78	606.671
2124.17	615.721
2124.56	612.185
2124.95	609.962
2125.34	592.885
2125.73	607.232
2126.12	612.628
2126.51	598.1
2126.9	610.093
2127.29	596.895
2127.68	607.158
2128.07	605.369
2128.46	611.275
2128.85	617.149
2129.24	607.829
2129.63	603.293
2130.01	610.355
2130.4	606.992
2130.79	619.456
2131.18	602.173
2131.57	602.966
2131.96	609.421
2132.35	616.161
2132.74	601.508
2133.13	616.153
2133.52	613.565
2133.91	609.445
2134.3	598.886
2134.69	606.974
2135.08	609.293
2135.47	608.321
2135.86	607.086
2136.25	609.984
2136.64	616.819
2137.02	612.168
2137.41	602.091
2137.8	610.312
2138.19	617.108
2138.58	611.663
2138.97	614.419
2139.36	614.476
2139.75	609.409
2140.14	607.946
2140.52	605.422
2140.91	614.805
2141.3	613.018
2141.69	611.578
2142.08	610.891
2142.47	604.139
2142.86	606.481
2143.25	606.662
2143.63	605.244
2144.02	616.184
2144.41	621.267
2144.62	617.29
2145.01	612.34
2145.41	610.573
2145.8	605.745
2146.2	593.856
2146.59	618.067
2146.98	608.055
2147.38	595.153
2147.77	610.449
2148.16	610.449
2148.56	612.961
2148.95	617.143
2149.34	616.805
2149.74	630.633
2150.13	616.87
2150.52	612.839
2150.92	610.622
2151.31	611.568
2151.7	610.486
2152.09	610.391
2152.49	613.512
2152.88	615.631
2153.27	626.464
2153.67	610.15
2154.06	619.108
2154.45	627.85
2154.84	623.308
2155.24	608.82
2155.63	602.47
2156.02	627.18
2156.42	614.263
2156.81	611.566
2157.2	620.81
2157.59	600.73
2157.99	607.267
2158.38	621.173
2158.77	620.684
2159.16	608.911
2159.56	624.311
2159.95	627.566
2160.34	606.475
2160.73	616.185
2161.13	608
2161.52	618.703
2161.91	617.453
2162.3	608.238
2162.7	601.836
2163.09	620.599
2163.48	612.787
2163.87	612.343
2164.26	609.395
2164.66	609.068
2165.05	613.661
2165.44	628.862
2165.83	614.522
2166.23	606.756
2166.62	611.432
2167.01	604.952
2167.4	605.376
2167.79	632.545
2168.19	630.942
2168.58	611.741
2168.97	612.721
2169.36	614.944
2169.75	628.315
2170.14	615.952
2170.54	621.975
2170.93	623.106
2171.32	619.34
2171.71	627.716
2172.1	615.145
2172.49	624.728
2172.89	607.195
2173.28	610.959
2173.67	605.382
2174.06	638.587
2174.45	610.234
2174.84	631.122
2175.23	610.893
2175.63	626.367
2176.02	633.663
2176.41	615.799
2176.8	620.056
2177.19	633.093
2177.58	616.087
2177.97	628.801
2178.36	608.382
2178.76	629.353
2179.15	601.108
2179.54	614.013
2179.93	608.265
2180.32	611.856
2180.71	609.411
2181.1	617.594
2181.49	625.03
2181.88	618.7
2182.27	611.734
2182.67	613.009
2183.06	616.386
2183.45	639.172
2183.84	623.693
2184.23	606.928
2184.62	608.875
2185.01	622.383
2185.4	618.797
2185.79	628.396
2186.18	615.256
2186.57	632.39
2186.96	611.928
2187.35	620.707
2187.74	601.251
2188.13	618.896
2188.52	610.732
2188.91	617.781
2189.3	618.825
2189.7	629.788
2190.09	635.46
2190.48	616.617
2190.87	611.427
2191.26	633.107
2191.65	606.461
2192.04	619.811
2192.43	618.499
2192.82	626.14
2193.21	627.61
2193.6	625.605
2193.99	618.767
2194.38	628.24
2194.77	593.163
2195.16	618.193
2195.55	612.78
2195.94	618.838
2196.33	619.517
2196.72	631.303
2197.11	619.476
2197.5	627.213
2197.89	613.453
2198.28	613.142
2198.67	633.577
2199.06	643.688
2199.44	612.802
2199.83	602.558
2200.22	622.567
2200.61	616.447
2201	611.53
2201.39	615.383
2201.78	622.909
2202.17	616.925
2202.56	623.074
2202.95	628.966
2203.34	612.613
2203.73	609.184
2204.12	615.543
2204.51	612.251
2204.9	621.291
2205.29	618.802
2205.68	612.738
2206.07	611.299
2206.45	608.863
2206.84	612.707
2207.23	609.272
2207.62	618.776
2208.01	597.553
2208.4	602.779
2208.79	608.567
2209.18	630.992
2209.57	621.264
2209.95	624.163
2210.34	624.145
2210.73	619.516
2211.12	619.898
2211.51	618.58
2211.9	616.742
2212.29	609.332
2212.68	614.64
2213.07	625.58
2213.45	600.718
2213.84	621.727
2214.23	616.244
2214.62	621.464
2215.01	621.075
2215.4	614.803
2215.78	612.217
2216.17	609.942
2216.56	640.06
2216.95	631.375
2217.34	622.691
2217.73	628.039
2218.11	613.053
2218.5	620.502
2218.89	609.33
2219.28	606.874
2219.67	623.008
2220.06	631.6
2220.44	628.144
2220.83	629.759
2221.22	619.843
2221.61	632.951
2222	621.61
2222.38	634.152
2222.77	636.878
2223.16	626.706
2223.55	637.613
2223.94	628.887
2224.32	605.867
2224.71	635.101
2225.1	629.243
2225.49	613.259
2225.87	625.329
2226.26	610.962
2226.65	634.77
2227.04	630.502
2227.43	616.438
2227.81	604.938
2228.2	607.785
2228.59	626.086
2228.98	627.812
2229.36	612.673
2229.75	617.188
2230.14	612.982
2230.52	591.619
2230.91	613.208
2231.3	624.932
2231.69	614.455
2232.07	609.345
2232.46	617.203
2232.85	622.593
2233.24	608.332
2233.62	615.663
2234.01	616.747
2234.4	605.13
2234.79	621.293
2235.17	610.242
2235.56	613.303
2235.95	614.211
2236.33	623.912
2236.72	590.679
2237.11	626.848
2237.49	635.988
2237.88	614.953
2238.27	609.018
2238.65	616.824
2239.04	614.817
2239.43	615.137
2239.81	619.754
2240.2	617.928
2240.59	618.577
2240.97	630.079
2241.36	622.325
2241.75	616.755
2242.13	624.69
2242.52	627.072
2242.91	614.082
2243.29	619.972
2243.68	603.113
2244.07	628.678
2244.45	611.258
2244.84	617.482
2245.23	608.585
2245.61	603.384
2246	627.725
2246.38	616.338
2246.77	623.205
2247.16	619.348
2247.54	619.683
2247.93	624.209
2248.31	633.485
2248.7	630.629
2249.09	629.459
2249.47	623.257
2249.86	611.207
2250.25	621.455
2250.63	620.199
2251.02	613.018
2251.4	616.778
2251.79	623.593
2252.17	634.898
2252.56	618.327
2252.95	649.71
2253.33	621.387
2253.72	618.724
2254.1	620.824
2254.49	629.625
2254.87	627.904
2255.26	637.393
2255.65	624.849
2256.03	623.313
2256.42	617.311
2256.8	616.159
2257.19	595.604
2257.57	634.274
2257.96	631.505
2258.34	611.529
2258.73	625.403
2259.11	619.292
2259.5	610.694
2259.89	628.104
2260.27	641.582
2260.66	633.838
2261.04	629.669
2261.42	618.335
2261.81	632.628
2262.2	622.61
2262.58	635.773
2262.97	624.999
2263.35	639.13
2263.74	617.738
2264.12	628.557
2264.51	631.201
2264.89	635.256
2265.27	620.648
2265.66	637.373
2266.04	620.723
2266.43	636.259
2266.81	630.878
2267.2	628.058
2267.58	619.057
2267.97	634.113
2268.35	628.56
2268.74	631.773
2269.12	643.752
2269.51	617.836
2269.89	632.105
2270.28	645.563
2270.66	623.109
2271.05	620.182
2271.43	634.207
2271.81	630.304
2272.2	610.171
2272.58	626.534
2272.97	629.585
2273.35	618.797
2273.74	628.184
2274.12	621.503
2274.5	617.44
2274.89	616.263
2275.27	618.791
2275.66	607.67
2276.04	624.562
2276.42	626.303
2276.81	599.27
2277.19	636.026
2277.58	616.589
2277.96	625.856
2278.34	609.659
2278.73	631.516
2279.11	630.967
2279.5	617.908
2279.88	625.822
2280.26	623.264
2280.65	613.124
2281.03	639.411
2281.41	637.417
2281.8	619.539
2282.18	615.803
2282.57	634.697
2282.95	629.014
2283.33	652.199
2283.72	631.801
2284.1	621.009
2284.48	634.314
2284.87	640.22
2285.25	626.3
2285.63	644.51
2286.02	639.594
2286.4	606.75
2286.78	629.859
2287.17	641.402
2287.55	640.176
2287.93	611.375
2288.32	635.601
2288.7	633.132
2289.08	634.081
2289.47	646.691
2289.85	637.139
2290.23	630.377
2290.61	636.033
2291	628.537
2291.38	657.908
2291.76	615.143
2292.15	628.347
2292.53	613.78
2292.91	627.072
2293.29	629.612
2293.68	629.625
2294.06	612.07
2294.44	638.544
2294.83	609.683
2295.21	621.993
2295.59	634.572
2295.97	613.603
2296.36	635.781
2296.74	632.096
2297.12	622.731
2297.51	627.575
2297.89	628.435
2298.27	618.187
2298.65	633.456
2299.03	631.324
2299.42	613.497
2299.8	612.357
2300.18	607.202
2300.56	613.39
2300.95	622.745
2301.33	630.503
2301.71	611.775
2302.09	634.836
2302.48	625.696
2302.86	633.597
2303.24	617.351
2303.62	625.115
2304	612.61
2304.38	640.27
2304.77	616.783
2305.15	645.151
2305.53	633.004
2305.91	632.557
2306.3	610.13
2306.68	626.052
2307.06	625.329
2307.44	631.116
2307.82	625.483
2308.2	629.075
2308.59	628.295
2308.97	620.082
2309.35	610.181
2309.73	626.097
2310.11	641.807
2310.49	617.136
2310.88	625.62
2311.26	634.127
2311.64	619.43
2312.02	640.628
2312.4	635.438
2312.78	616.574
2313.16	626.184
2313.55	628.963
2313.93	637.436
2314.31	629.656
2314.69	637.013
2315.07	617.408
2315.45	613.41
2315.83	618.732
2316.22	603.34
2316.6	633.927
2316.98	619.156
2317.36	626.065
2317.74	624.994
2318.12	626.997
2318.5	629.839
2318.88	619.709
2319.26	629.651
2319.64	626.361
2320.02	610.128
2320.41	627.475
2320.79	627.348
2321.17	609.196
2321.55	631.382
2321.93	618.651
2322.31	627.655
2322.69	616.096
2323.07	626.216
2323.45	637.409
2323.83	633.598
2324.21	617.63
2324.59	631.515
2324.97	637.27
2325.35	623.673
2325.73	638.017
2326.11	643.121
2326.5	611.633
2326.88	631.642
2327.26	621.209
2327.64	621.73
2328.02	620.839
2328.4	636.012
2328.78	628.411
2329.16	625.338
2329.54	623.11
2329.92	629.012
2330.3	622.175
2330.68	641.993
2331.06	634.708
2331.44	625.14
2331.82	630.774
2332.2	638.999
2332.58	634.38
2332.96	636.856
2333.34	632.333
2333.72	613.177
2334.1	608.58
2334.48	621.903
2334.86	620.02
2335.24	619.53
2335.62	617.923
2336	622.781
2336.38	626.803
2336.76	618.774
2337.14	612.714
2337.52	618.433
2337.9	626.122
2338.27	606.096
2338.65	625.3
2339.03	591.315
2339.41	628.46
2339.79	628.643
2340.17	610.056
2340.55	623.906
2340.93	609.46
2341.31	629.676
2341.69	612.973
2342.07	633.752
2342.45	622.419
2342.83	617.269
2343.21	623.04
2343.59	614.298
2343.96	631.821
2344.34	633.992
2344.72	626.403
2345.1	621.899
2345.48	617.958
2345.86	620.152
2346.24	619.53
2346.62	630.043
2347	609.809
2347.38	637.537
2347.75	630.062
2348.13	603.046
2348.51	611.726
2348.89	629.894
2349.27	619.684
2349.65	629.594
2350.03	608.372
2350.41	601.689
2350.79	610.09
2351.16	601.809
2351.54	614.992
2351.92	608.657
2352.3	624.292
2352.68	597.219
2353.06	613.268
2353.43	614.223
2353.81	619.356
2354.19	632.615
2354.57	625.589
2354.95	625.817
2355.33	623.224
2355.71	617.51
2356.08	608.97
2356.46	632.422
2356.84	631.721
2357.22	618.311
2357.6	612.754
2357.97	623.62
2358.35	642.512
2358.73	629.352
2359.11	619.751
2359.49	638.761
2359.86	619.993
2360.24	626.839
2360.62	640.402
2361	627.338
2361.38	649.323
2361.75	619.385
2362.13	622.812
2362.51	626.789
2362.89	629.883
2363.26	630.107
2363.64	621.055
2364.02	623.869
2364.4	632.193
2364.77	622.75
2365.15	620.009
2365.53	614.271
2365.91	613.304
2366.28	618.207
2366.66	624.807
2367.04	636.967
2367.42	631.091
2367.79	613.544
2368.17	621.753
2368.55	619.434
2368.93	625.761
2369.3	628.578
2369.68	622.348
2370.06	629.764
2370.44	627.477
2370.81	647.888
2371.19	638.804
2371.57	627.7
2371.95	629.591
2372.32	632.843
2372.7	639.677
2373.08	618.179
2373.45	623.832
2373.83	621.148
2374.21	637.897
2374.58	621.466
2374.96	614.021
2375.34	637.459
2375.71	626.308
2376.09	625.134
2376.47	624.176
2376.84	634.24
2377.22	621.483
2377.6	628.408
2377.98	629.226
2378.35	621.986
2378.73	637.74
2379.11	633.433
2379.48	640.706
2379.86	637.413
2380.23	641.664
2380.61	632.735
2380.99	632.272
2381.36	622.773
2381.74	629.961
2382.12	649.895
2382.49	635.892
2382.87	641.792
2383.25	634.021
2383.62	649.813
2384	623.385
2384.37	636.385
2384.75	619.133
2385.13	614.114
2385.5	650.762
2385.88	635.241
2386.25	635.846
2386.63	610.918
2387.01	637.377
2387.38	617.174
2387.76	641.135
2388.13	638.694
2388.51	629.845
2388.89	626.534
2389.26	651.83
2389.64	639.591
2390.01	644.843
2390.39	628.686
2390.76	636.428
2391.14	639.183
2391.52	649.745
2391.89	632.273
2392.27	630.381
2392.64	644.603
2393.02	635.718
2393.39	647.616
2393.77	633.321
2394.15	653.442
2394.52	634.114
2394.9	632.898
2395.27	651.205
2395.65	646.823
2396.02	663.062
2396.4	642.929
2396.77	635.55
2397.15	644.499
2397.52	632.498
2397.9	635.679
2398.27	650.723
2398.65	644.902
2399.02	633.295
2399.4	647.878
2399.77	635.1
2400.15	641.847
2400.52	641.131
2400.9	642.867
2401.27	636.161
2401.65	645.986
2402.02	644.894
2402.4	638.807
2402.77	646.405
2403.15	648.051
2403.52	656.507
2403.9	647.859
2404.27	635.61
2404.65	626.632
2405.02	657.019
2405.4	645.98
2405.77	643.543
2406.15	653.622
2406.52	646.462
2406.9	634.233
2407.27	630.502
2407.64	628.87
2408.02	629.655
2408.39	631.557
2408.77	631.326
2409.14	636.219
2409.52	640.665
2409.89	638.497
2410.26	657.098
2410.64	632.351
2411.01	639.722
2411.39	637.661
2411.76	640.656
2412.14	640.422
2412.51	626.681
2412.89	655.408
2413.26	633.059
2413.63	632.827
2414.01	639.174
2414.38	640.748
2414.75	636.755
2415.13	624.725
2415.5	632.952
2415.88	641.732
2416.25	652.163
2416.62	635.419
2417	635.885
2417.37	635.289
2417.74	639.191
2418.12	650.355
2418.49	641.305
2418.87	649.433
2419.24	650.593
2419.61	648.39
2419.99	651.452
2420.36	639.843
2420.74	648.808
2421.11	649.76
2421.48	655.135
2421.86	647.387
2422.23	654.497
2422.6	654.252
2422.98	643.646
2423.35	643.836
2423.72	637.709
2424.09	648.03
2424.47	637.963
2424.84	640.149
2425.21	647.886
2425.59	639.264
2425.96	651.661
2426.33	647.176
2426.71	658.786
2427.08	632.791
2427.45	641.143
2427.83	664.147
2428.2	659.124
2428.57	634.653
2428.95	637.819
2429.32	623.527
2429.69	625.823
2430.06	643.571
2430.44	639.966
2430.81	633.825
2431.18	653.629
2431.56	655.522
2431.93	660.291
2432.3	654.994
2432.67	639.322
2433.05	644.912
2433.42	626.688
2433.79	648.34
2434.16	646.786
2434.54	653.06
2434.91	645.987
2435.28	656.168
2435.65	650.115
2436.03	640.652
2436.4	648.662
2436.77	646.492
2437.14	633.942
2437.52	658.871
2437.89	645.285
2438.26	660.28
2438.63	651.763
2439	644.731
2439.38	627.765
2439.75	648.747
2440.12	654.435
2440.49	651.479
2440.86	655.384
2441.24	643.898
2441.61	647.904
2441.98	661.595
2442.35	632.881
2442.72	645.418
2443.1	647.142
2443.47	645.51
2443.84	652.4
2444.21	635.427
2444.58	625.429
2444.96	633.665
2445.33	626.268
2445.7	636.694
2446.07	659.088
2446.44	651.367
2446.81	642.985
2447.19	638.428
2447.56	642.189
2447.93	632.959
2448.3	646.396
2448.67	640.494
2449.04	636.253
2449.41	647.836
2449.79	649.676
2450.16	651.665
2450.53	637.156
2450.9	638.311
2451.27	644.475
2451.64	644.684
2452.01	644.912
2452.39	643.19
2452.76	634.292
2453.13	647.273
2453.5	662.462
2453.87	641.59
2454.24	629.555
2454.61	637.536
2454.98	637.007
2455.35	622.196
2455.73	643.372
2456.1	649.702
2456.47	632.303
2456.84	636.762
2457.21	624.109
2457.58	635.249
2457.95	642.207
2458.32	643.735
2458.69	651.488
2459.06	630.624
2459.43	634.392
2459.8	640.353
2460.17	637.353
2460.55	641.924
2460.92	645.552
2461.29	652.15
2461.66	645.618
2462.03	644.697
2462.4	636.539
2462.77	645.873
2463.14	647.925
2463.51	642.175
2463.88	634.621
2464.25	634.715
2464.62	641.953
2464.99	643.835
2465.36	653.155
2465.73	643.668
2466.1	648.482
2466.47	638.717
2466.84	626.949
2467.21	647.504
2467.58	631.716
2467.95	656.939
2468.32	636.59
2468.69	647.422
2469.06	635.167
2469.43	643.462
2469.8	641.652
2470.17	638.048
2470.54	631.681
2470.91	645.137
2471.28	645.532
2471.65	653.824
2472.02	645.115
2472.39	644.575
2472.76	643.139
2473.13	649.484
2473.5	629.77
2473.87	638.257
2474.24	649.865
2474.61	642.654
2474.98	640.594
2475.35	651.197
2475.72	635.784
2476.09	653.235
2476.46	644.338
2476.83	639.564
2477.19	646.208
2477.56	645.713
2477.93	636.902
2478.3	646.17
2478.67	638.792
2479.04	637.861
2479.41	648.569
2479.78	646.095
2480.15	633.958
2480.52	641.247
2480.89	624.661
2481.26	652.945
2481.63	650.46
2481.99	650.997
2482.36	645.398
2482.73	640.328
2483.1	656.889
2483.47	643.686
2483.84	656.7
2484.21	637.586
2484.58	640.21
2484.95	651.298
2485.31	650.362
2485.68	649.524
2486.05	649.114
2486.42	638.034
2486.79	642.759
2487.16	649.641
2487.53	658.478
2487.89	648.597
2488.26	651.937
2488.63	644.204
2489	649.333
2489.37	646.702
2489.74	643.906
2490.11	636.243
2490.48	642.483
2490.84	652.362
2491.21	653.557
2491.58	655.941
2491.95	651.299
2492.32	648.54
2492.69	651.843
2493.05	643.987
2493.42	644.538
2493.79	650.483
2494.16	657.446
2494.53	657.762
2494.69	654.262
2495.07	643.695
2495.44	655.019
2495.81	650.786
2496.18	657.024
2496.56	639.046
2496.93	657.353
2497.3	653.672
2497.68	652.978
2498.05	660.174
2498.42	653.081
2498.79	650.153
2499.17	647.869
2499.54	632.365
2499.91	645.86
2500.28	668.772
2500.66	649.51
2501.03	655.078
2501.4	642.147
2501.77	627.892
2502.15	628.363
2502.52	658.201
2502.89	661.801
2503.26	646.67
2503.64	654.223
2504.01	657.629
2504.38	655.058
2504.75	657.176
2505.13	658.907
2505.5	642.357
2505.87	653.53
2506.24	637.263
2506.62	659.391
2506.99	665.895
2507.36	661.989
2507.73	649.408
2508.1	667.302
2508.48	656.006
2508.85	651.556
2509.22	654.428
2509.59	636.038
2509.96	637.625
2510.34	659.746
2510.71	657.948
2511.08	664.554
2511.45	666.545
2511.82	665.013
2512.19	667.287
2512.57	664.164
2512.94	651.318
2513.31	632.268
2513.68	664.162
2514.05	666.773
2514.43	667.192
2514.8	668.146
2515.17	661.823
2515.54	650.432
2515.91	671.357
2516.28	660.961
2516.65	673.907
2517.02	654.889
2517.4	674.864
2517.77	665.237
2518.14	673.439
2518.51	675.065
2518.88	666.602
2519.25	658.384
2519.62	670.797
2520	664.863
2520.37	657.167
2520.74	671.578
2521.11	685.54
2521.48	662.547
2521.85	668.197
2522.22	666.036
2522.59	657.166
2522.97	658.509
2523.34	681.828
2523.71	676.723
2524.08	664.959
2524.45	655.744
2524.82	659.349
2525.19	660.543
2525.56	667.445
2525.93	675.979
2526.3	676.102
2526.67	670.525
2527.04	654.08
2527.41	653.921
2527.79	686.902
2528.16	661.744
2528.53	662.681
2528.9	664.178
2529.27	668.667
2529.64	668.78
2530.01	671.543
2530.38	677.468
2530.75	674.582
2531.12	665.101
2531.49	671.379
2531.86	654.096
2532.23	662.212
2532.6	664.773
2532.97	673.137
2533.34	671.993
2533.71	675.098
2534.08	668.805
2534.45	665.363
2534.82	686.033
2535.19	652.391
2535.56	657.413
2535.93	675.301
2536.3	662.594
2536.67	663.793
2537.04	672.09
2537.41	680.14
2537.78	665.096
2538.15	675.309
2538.52	668.071
2538.89	669.733
2539.26	685.741
2539.63	670.453
2540	684.814
2540.37	661.96
2540.74	676.636
2541.11	671.98
2541.48	675.684
2541.85	673.063
2542.22	670.947
2542.59	670.747
2542.96	683.368
2543.33	664.568
2543.7	662.66
2544.07	679.784
2544.44	673.019
2544.81	657.828
2545.18	662.99
2545.55	667.597
2545.91	665.94
2546.28	683.249
2546.65	673.902
2547.02	666.409
2547.39	683.846
2547.76	681.204
2548.13	676.145
2548.5	671.93
2548.87	700.523
2549.24	671.935
2549.61	674.244
2549.98	665.743
2550.35	674.639
2550.71	685.793
2551.08	677.536
2551.45	660.658
2551.82	657.317
2552.19	667.998
2552.56	666.626
2552.93	674.88
2553.3	677.605
2553.67	664.849
2554.04	668.377
2554.4	684.178
2554.77	667.356
2555.14	684.761
2555.51	672.2
2555.88	685.378
2556.25	686.59
2556.62	679.031
2556.98	670.808
2557.35	675.754
2557.72	671.436
2558.09	665.5
2558.46	677.203
2558.83	673.302
2559.19	679.771
2559.56	687.662
2559.93	670.963
2560.3	681.01
2560.67	700.72
2561.04	668.14
2561.41	678.482
2561.77	680.667
2562.14	690.417
2562.51	669.14
2562.88	689.779
2563.25	662.405
2563.61	676.637
2563.98	698.159
2564.35	681.612
2564.72	697.703
2565.09	673.573
2565.45	694.494
2565.82	688.171
2566.19	659.208
2566.56	678.802
2566.93	674.683
2567.29	692.146
2567.66	686.705
2568.03	684.776
2568.4	686.087
2568.76	673.921
2569.13	684.116
2569.5	680.285
2569.87	679.676
2570.23	679.057
2570.6	679.242
2570.97	691.003
2571.34	683.625
2571.71	647.949
2572.07	673.091
2572.44	688.242
2572.81	665.202
2573.18	680.704
2573.54	671.555
2573.91	675.134
2574.28	666.633
2574.64	672.602
2575.01	656.646
2575.38	676.868
2575.75	674.665
2576.11	675.152
2576.48	682.99
2576.85	685.597
2577.21	664.96
2577.58	663.717
2577.95	655.464
2578.32	671.863
2578.68	671.532
2579.05	684.869
2579.42	673.5
2579.78	671.302
2580.15	680.96
2580.52	682.859
2580.89	668.931
2581.25	680.001
2581.62	681.947
2581.99	657.272
2582.35	679.276
2582.72	670.002
2583.09	669.738
2583.45	676.907
2583.82	674.956
2584.19	685.981
2584.55	682.679
2584.92	678.463
2585.29	686.922
2585.65	675.509
2586.02	657.304
2586.38	673.608
2586.75	666.516
2587.12	688.641
2587.48	677.539
2587.85	676.122
2588.22	678.206
2588.58	678.137
2588.95	695.464
2589.32	667.21
2589.68	682.615
2590.05	671.227
2590.41	671.099
2590.78	667.236
2591.15	672.757
2591.51	656.332
2591.88	675.487
2592.24	688.173
2592.61	669.502
2592.98	651.596
2593.34	680.991
2593.71	667.924
2594.07	656.026
2594.44	680.319
2594.81	674.566
2595.17	682.797
2595.54	669.132
2595.9	685.078
2596.27	681.666
2596.63	679.745
2597	684.977
2597.37	682.72
2597.73	686.66
2598.1	685.307
2598.46	676.207
2598.83	690.294
2599.19	688.763
2599.56	678.313
2599.92	690
2600.29	684.421
2600.66	686.24
2601.02	675.747
2601.39	689.997
2601.75	691.51
2602.12	665.963
2602.48	680.884
2602.85	677.957
2603.21	682.342
2603.58	678.339
2603.94	674.06
2604.31	673.044
2604.67	671.849
2605.04	684.615
2605.41	678.998
2605.77	685.126
2606.13	706.705
2606.5	695.138
2606.86	690.222
2607.23	682.112
2607.59	689.24
2607.96	689.993
2608.32	694.503
2608.69	691.546
2609.05	705.129
2609.42	687.496
2609.78	689.351
2610.15	669.081
2610.51	694.714
2610.88	693.931
2611.24	691.517
2611.61	693.317
2611.97	684.914
2612.34	677.784
2612.7	690.863
2613.07	701.012
2613.43	697.907
2613.79	675.486
2614.16	688.124
2614.52	685.187
2614.89	687.396
2615.25	680.523
2615.62	689.3
2615.98	694.475
2616.34	680.574
2616.71	686.906
2617.07	685.773
2617.44	686.832
2617.8	681.54
2618.17	692.019
2618.53	673.093
2618.89	695.486
2619.26	678.284
2619.62	688.265
2619.99	689.167
2620.35	681.312
2620.72	666.329
2621.08	682.65
2621.44	687.015
2621.81	687.653
2622.17	690.405
2622.53	684.042
2622.9	695.275
2623.26	696.889
2623.63	680.623
2623.99	698.285
2624.35	688.703
2624.72	689.502
2625.08	696.652
2625.44	697.06
2625.81	693.686
2626.17	718.064
2626.54	688.557
2626.9	697.802
2627.26	698.29
2627.63	708.947
2627.99	694.259
2628.35	712.114
2628.72	716.363
2629.08	726.247
2629.44	692.698
2629.81	691.504
2630.17	700.498
2630.53	695.602
2630.9	694.385
2631.26	705.648
2631.62	709.38
2631.99	700.023
2632.35	696.33
2632.71	703.664
2633.08	717.194
2633.44	704.518
2633.8	686.968
2634.17	685.671
2634.53	703.606
2634.89	692.417
2635.25	694.929
2635.62	703.12
2635.98	708.92
2636.34	694.601
2636.7	691.179
2637.07	691.7
2637.43	701.291
2637.79	696.708
2638.16	696.196
2638.52	684.761
2638.88	690.494
2639.24	702.914
2639.61	697.88
2639.97	697.901
2640.33	689.346
2640.7	702.002
2641.06	696.501
2641.42	682.472
2641.78	703.306
2642.14	703.179
2642.51	694.123
2642.87	705.665
2643.23	707.802
2643.59	707.018
2643.96	703.33
2644.32	682.222
2644.68	678.538
2645.04	705.938
2645.4	691.936
2645.77	718.69
2646.13	705.166
2646.49	695.137
2646.85	718.119
2647.22	693.078
2647.58	701.05
2647.94	704.49
2648.3	702.073
2648.66	698.358
2649.03	714.515
2649.39	696.838
2649.75	700.031
2650.11	712.56
2650.47	700.385
2650.83	688.521
2651.2	697.401
2651.56	696.461
2651.92	701.24
2652.28	698.528
2652.64	693.621
2653.01	702.313
2653.37	703.084
2653.73	709.639
2654.09	718.524
2654.45	713.962
2654.81	715.632
2655.18	699.708
2655.54	706.199
2655.9	690.266
2656.26	708.746
2656.62	688.5
2656.98	687.718
2657.34	712.038
2657.71	697.616
2658.07	699.071
2658.43	698.776
2658.79	711.801
2659.15	711.525
2659.51	687.882
2659.87	718.945
2660.23	728.606
2660.6	695.909
2660.96	695.919
2661.32	717.692
2661.68	694.442
2662.04	701.375
2662.4	713.497
2662.76	697.732
2663.12	737.007
2663.48	701.585
2663.84	709.082
2664.21	714.646
2664.57	701.642
2664.93	720.036
2665.29	708.116
2665.65	708.343
2666.01	731.751
2666.37	707.732
2666.73	713.826
2667.09	729.835
2667.45	719.692
2667.81	722.047
2668.17	695.273
2668.53	707.647
2668.89	721.338
2669.25	718.144
2669.62	710.715
2669.98	693.961
2670.34	711.054
2670.7	702.692
2671.06	698.094
2671.42	684.638
2671.78	690.48
2672.14	703.557
2672.5	686.889
2672.86	702.44
2673.22	704.097
2673.58	706.59
2673.94	706.12
2674.3	703.704
2674.66	698.499
2675.02	705.531
2675.38	685.708
2675.74	705.066
2676.1	683.819
2676.46	697.309
2676.82	694.328
2677.18	668.872
2677.54	706.94
2677.9	682.369
2678.26	713.745
2678.62	706.651
2678.98	685.602
2679.34	696.823
2679.7	707.885
2680.06	712.059
2680.42	688.073
2680.78	694.641
2681.14	704.34
2681.5	692.181
2681.86	703.025
2682.22	713.553
2682.58	689.475
2682.93	713.483
2683.29	701.893
2683.65	704.065
2684.01	705.215
2684.37	693.754
2684.73	691.901
2685.09	690.765
2685.45	717.703
2685.81	702.985
2686.17	698.985
2686.53	712.195
2686.89	709.696
2687.25	706.789
2687.61	701.029
2687.96	697.44
2688.32	699.163
2688.68	692.739
2689.04	698.025
2689.4	693.896
2689.76	700.829
2690.12	694.76
2690.48	714.593
2690.84	705.789
2691.2	709.011
2691.56	684.057
2691.91	713.094
2692.27	679.14
2692.63	718.157
2692.99	683.822
2693.35	696.653
2693.71	701.424
2694.07	708.239
2694.42	711.041
2694.78	705.111
2695.14	697.614
2695.5	704.142
2695.86	691.496
2696.22	714.286
2696.58	726.966
2696.94	712.133
2697.29	698.438
2697.65	699.468
2698.01	694.5
2698.37	720.781
2698.73	733.299
2699.09	713.941
2699.44	720.671
2699.8	714.7
2700.16	694.951
2700.52	708.226
2700.88	707.058
2701.23	724.612
2701.59	723.363
2701.95	716.992
2702.31	695.072
2702.67	712.028
2703.03	700.558
2703.38	693.876
2703.74	715.826
2704.1	707.96
2704.46	707.039
2704.82	697.538
2705.17	699.571
2705.53	695.174
2705.89	704.169
2706.25	702.454
2706.61	691.131
2706.96	700.23
2707.32	710.479
2707.68	698.275
2708.04	729.752
2708.39	712.937
2708.75	707.565
2709.11	716.06
2709.47	692.364
2709.82	726.832
2710.18	691.41
2710.54	707.494
2710.9	692.819
2711.25	697.479
2711.61	706.977
2711.97	687.223
2712.33	696.608
2712.68	706.934
2713.04	705.589
2713.4	707.888
2713.76	698.389
2714.11	698.888
2714.47	705.439
2714.83	700.401
2715.18	719.306
2715.54	714.681
2715.9	690.956
2716.26	693.063
2716.61	715.655
2716.97	713.545
2717.33	717.332
2717.68	718.507
2718.04	708.8
2718.4	691.134
2718.76	712.818
2719.11	699.994
2719.47	700.256
2719.83	693.271
2720.18	724.248
2720.54	690.475
2720.9	707.774
2721.25	704.729
2721.61	704.61
2721.97	703.953
2722.32	706.787
2722.68	718.221
2723.04	707.274
2723.39	717.258
2723.75	712.606
2724.11	710.926
2724.46	696.918
2724.82	700.771
2725.17	694.356
2725.53	706.562
2725.89	722.409
2726.24	713.595
2726.6	706.127
2726.96	709.136
2727.31	732.8
2727.67	694.556
2728.03	711.968
2728.38	715.257
2728.74	708.122
2729.09	710.049
2729.45	697.248
2729.81	733.115
2730.16	703.782
2730.52	693.772
2730.88	712.193
2731.23	735.75
2731.59	707.064
2731.94	705.021
2732.3	708.413
2732.65	707.863
2733.01	717.624
2733.37	693.417
2733.72	708.936
2734.08	720.41
2734.43	710.472
2734.79	710.315
2735.15	711.253
2735.5	702.989
2735.86	705.018
2736.21	714.949
2736.57	709.266
2736.92	707.582
2737.28	727.058
2737.63	709.273
2737.99	721.684
2738.35	720.091
2738.7	718.734
2739.06	727.064
2739.41	710.94
2739.77	721.776
2740.12	713.272
2740.48	725.477
2740.83	708.991
2741.19	723.983
2741.54	702.867
2741.9	707.865
2742.25	714.653
2742.61	707.77
2742.97	710.847
2743.32	714.773
2743.68	724.338
2744.03	700.127
2744.39	689.261
2744.74	701.377
2745.1	687.777
2745.45	710.603
2745.81	696.052
2746.16	699.012
2746.52	705.049
2746.87	722.704
2747.23	696.754
2747.58	702.089
2747.94	725.551
2748.29	710.848
2748.64	705.99
2749	702.203
2749.35	701.962
2749.71	703.682
2750.06	708.685
2750.42	711.015
2750.77	692.102
2751.13	726.752
2751.48	707.379
2751.84	708.59
2752.19	716.74
2752.55	700.499
2752.9	689.674
2753.26	709.476
2753.61	727.45
2753.96	728.544
2754.32	710.553
2754.67	721.156
2755.03	704.583
2755.38	709.657
2755.74	728.934
2756.09	720.989
2756.44	711.859
2756.8	712.786
2757.15	723.72
2757.51	720.475
2757.86	721.73
2758.21	721.827
2758.57	731.233
2758.92	694.484
2759.28	718.586
2759.63	717.747
2759.98	705.616
2760.34	701.732
2760.69	717.863
2761.04	698.821
2761.4	721.271
2761.75	710.288
2762.11	709.045
2762.46	704.188
2762.81	710.696
2763.17	708.197
2763.52	707.079
2763.88	713.192
2764.23	716.865
2764.58	703.608
2764.94	704.509
2765.29	702.131
2765.64	709.586
2766	709.7
2766.35	708.901
2766.7	718.722
2767.06	709.462
2767.41	702.068
2767.76	705.41
2768.12	723.276
2768.47	705.745
2768.82	710.844
2769.18	704.109
2769.53	711.164
2769.88	700.117
2770.24	700.826
2770.59	687.495
2770.94	702.657
2771.3	707.455
2771.65	715.865
2772	723.689
2772.36	731.024
2772.71	722.67
2773.06	698.358
2773.41	722.309
2773.77	715.693
2774.12	722.905
2774.47	726.236
2774.83	723.572
2775.18	711.766
2775.53	719.517
2775.88	722.49
2776.24	704.368
2776.59	726.902
2776.94	704.508
2777.3	708.305
2777.65	716.394
2778	715.716
2778.35	711.102
2778.71	703.09
2779.06	698.074
2779.41	710.19
2779.76	715.641
2780.12	714.403
2780.47	706.988
2780.82	712.888
2781.17	704.291
2781.53	714.606
2781.88	725.394
2782.23	723.044
2782.58	713.991
2782.94	715.352
2783.29	725.537
2783.64	728.287
2783.99	714.825
2784.34	727.855
2784.7	716.951
2785.05	715.164
2785.4	721.385
2785.75	729.964
2786.1	707.506
2786.46	715.121
2786.81	725.866
2787.16	724.295
2787.51	726.704
2787.86	718.701
2788.22	726.139
2788.57	709.056
2788.92	697.053
2789.27	715.718
2789.62	729.153
2789.98	691.088
2790.33	711.666
2790.68	699.006
2791.03	693.997
2791.38	730.831
2791.73	707.662
2792.08	704.942
2792.44	712.295
2792.79	707.199
2793.14	714.266
2793.49	724.821
2793.84	714.657
2794.19	718.877
2794.54	709.415
2794.9	717.184
2795.25	708.716
2795.6	702.788
2795.95	709.07
2796.3	714.098
2796.65	705.403
2797	715.749
2797.36	701.014
2797.71	701.729
2798.06	718.801
2798.41	707.229
2798.76	708.997
2799.11	709.592
2799.46	718.475
2799.81	701.207
2800.16	695.44
2800.52	708.058
2800.87	708.815
2801.22	718.616
2801.57	706.713
2801.92	704.201
2802.27	710.378
2802.62	693.423
2802.97	706.422
2803.32	711.367
2803.67	697.589
2804.02	717.245
2804.38	701.895
2804.73	707.778
2805.08	716.249
2805.43	704.341
2805.78	721.844
2806.13	698.491
2806.48	706.801
2806.83	702.302
2807.18	695.266
2807.53	705.754
2807.88	690.888
2808.23	698.856
2808.58	712.615
2808.93	701.861
2809.28	702.068
2809.63	694.298
2809.98	707.525
2810.33	697.559
2810.68	704.059
2811.03	690.766
2811.38	694.783
2811.73	695.748
2812.08	701.231
2812.44	701.711
2812.78	705.146
2813.13	709.119
2813.49	702.233
2813.83	700.616
2814.18	706.432
2814.54	700.395
2814.88	700.266
2815.23	702.28
2815.58	702.023
2815.93	696.979
2816.28	686.935
2816.63	693.529
2816.98	699.774
2817.33	697.884
2817.68	702.633
2818.03	700.657
2818.38	694.714
2818.73	695.438
2819.08	695.98
2819.43	691.328
2819.78	694.753
2820.13	699.206
2820.48	700.85
2820.83	682.04
2821.18	688.143
2821.53	689.964
2821.88	695.82
2822.23	695.508
2822.58	701.008
2822.93	692.984
2823.28	676.114
2823.63	687.632
2823.97	701.309
2824.32	698.272
2824.67	705.027
2825.02	709.213
2825.37	700.955
2825.72	703.962
2826.07	706.674
2826.36	696.592
2826.71	693.114
2827.07	699.097
2827.42	694.01
2827.77	694.618
2828.13	705.959
2828.48	710.433
2828.84	692.207
2829.19	697.743
2829.54	703.267
2829.9	684.221
2830.25	692.543
2830.6	699.932
2830.96	695.601
2831.31	681.262
2831.67	695.65
2832.02	709.704
2832.37	698.177
2832.73	693.122
2833.08	712.371
2833.43	714.389
2833.79	682.363
2834.14	699.908
2834.49	681.448
2834.85	688.466
2835.2	716.005
2835.55	706.953
2835.91	691.381
2836.26	718.057
2836.61	683.213
2836.97	713.17
2837.32	704.151
2837.67	701.79
2838.02	703.751
2838.38	703.851
2838.73	696.209
2839.08	692.285
2839.44	690.315
2839.79	710.999
2840.14	693.552
2840.5	689.621
2840.85	698.078
2841.2	696.583
2841.55	700.622
2841.91	692.88
2842.26	694.641
2842.61	710.388
2842.97	689.813
2843.32	705.571
2843.67	699.748
2844.02	703.779
2844.38	706.707
2844.73	697.863
2845.08	672.347
2845.44	698.448
2845.79	724.04
2846.14	693.432
2846.49	699.868
2846.84	697.851
2847.2	717.77
2847.55	710.753
2847.9	708.807
2848.25	687.975
2848.61	704.349
2848.96	692.44
2849.31	700.779
2849.67	714.614
2850.02	710.101
2850.37	705.214
2850.72	715.146
2851.07	712.818
2851.43	700.391
2851.78	713.304
2852.13	714.232
2852.48	695.468
2852.83	720.146
2853.19	715.994
2853.54	707.939
2853.89	694.631
2854.24	688.44
2854.59	694.54
2854.95	689.99
2855.3	711.201
2855.65	704.54
2856	703.044
2856.35	708.524
2856.71	709.903
2857.06	706.67
2857.41	706.803
2857.76	706.167
2858.11	706.298
2858.46	707.455
2858.82	705.03
2859.17	712.449
2859.52	709.675
2859.87	713.714
2860.22	705.493
2860.57	716.898
2860.92	684.992
2861.28	699.427
2861.63	682.844
2861.98	711.337
2862.33	718.612
2862.68	683.497
2863.03	718.474
2863.39	731.416
2863.74	705.349
2864.09	713.833
2864.44	718.786
2864.79	709.211
2865.14	708.312
2865.49	694.138
2865.84	718.41
2866.2	732.061
2866.55	707.154
2866.9	726.255
2867.25	717.707
2867.6	716.93
2867.95	713.645
2868.3	717.13
2868.65	709.527
2869	715.56
2869.35	704.749
2869.71	725.918
2870.05	717.679
2870.41	719.061
2870.76	713.801
2871.11	710.121
2871.46	727.084
2871.81	718.39
2872.16	700.041
2872.51	725.562
2872.86	720.573
2873.21	722.596
2873.56	706.859
2873.91	712.905
2874.26	723.419
2874.61	720.013
2874.97	713.496
2875.32	719.341
2875.67	722.258
2876.02	711.108
2876.37	724.468
2876.72	716.34
2877.07	723.795
2877.42	725.422
2877.77	699.753
2878.12	724.546
2878.47	720.549
2878.82	714.371
2879.17	709.651
2879.52	710.594
2879.87	709.775
2880.22	727.182
2880.57	724.526
2880.92	738.278
2881.27	720.462
2881.62	710.895
2881.97	718.368
2882.32	720.326
2882.67	713.942
2883.02	729.088
2883.37	707.936
2883.72	707.3
2884.07	715.736
2884.42	725.67
2884.77	723.824
2885.12	709.432
2885.47	735.765
2885.82	731.283
2886.17	719.692
2886.52	712.187
2886.87	731.602
2887.22	715
2887.57	719.688
2887.92	708.658
2888.27	710.491
2888.62	722.098
2888.97	734.675
2889.32	732.385
2889.66	735.843
2890.01	719.764
2890.36	724.5
2890.71	719.782
2891.06	717.315
2891.41	719.2
2891.76	718.967
2892.11	729.695
2892.46	724.363
2892.81	719.664
2893.16	732.516
2893.51	724.886
2893.86	721.721
2894.21	733.925
2894.55	721.353
2894.9	736.649
2895.25	743.874
2895.6	734.967
2895.95	741.494
2896.3	731.604
2896.65	717.253
2897	727.394
2897.35	728.852
2897.69	737.841
2898.04	720.948
2898.39	723.407
2898.74	725.103
2899.09	731.512
2899.44	736.075
2899.79	714.459
2900.14	718.72
2900.49	731.358
2900.83	724.918
2901.18	720.584
2901.53	726.452
2901.88	731.514
2902.23	738.906
2902.58	721.424
2902.93	734.864
2903.27	715.362
2903.62	734.135
2903.97	740.594
2904.32	701.909
2904.67	716.831
2905.02	709.383
2905.36	729.422
2905.71	712.868
2906.06	730.01
2906.41	716.412
2906.76	738.051
2907.11	715.102
2907.45	705.412
2907.8	714.474
2908.15	730.261
2908.5	723.982
2908.85	727.236
2909.19	722.467
2909.54	713.318
2909.89	709.694
2910.24	725.19
2910.59	741.868
2910.94	719.997
2911.28	733.535
2911.63	728.895
2911.98	740.332
2912.33	717.944
2912.67	726.945
2913.02	720.007
2913.37	736.799
2913.72	725.982
2914.07	729.855
2914.41	733.405
2914.76	719.537
2915.11	721.709
2915.46	711.772
2915.8	726.601
2916.15	709.57
2916.5	725.191
2916.85	732.898
2917.19	719.518
2917.54	725.9
2917.89	716.235
2918.24	730.059
2918.58	732.579
2918.93	720.593
2919.28	724.648
2919.63	712.564
2919.97	706.508
2920.32	708.111
2920.67	713.471
2921.02	725.262
2921.36	730.279
2921.71	725.013
2922.06	714.383
2922.4	721.824
2922.75	723.812
2923.1	726.205
2923.45	713.001
2923.79	736.552
2924.14	736.224
2924.49	716.238
2924.83	720.581
2925.18	726.478
2925.53	724.615
2925.87	711.013
2926.22	733.2
2926.57	724.52
2926.92	723.325
2927.26	727.04
2927.61	716.418
2927.96	715.112
2928.3	731.2
2928.65	733.705
2928.99	718.885
2929.34	707.905
2929.69	728.832
2930.03	720.56
2930.38	726.418
2930.73	711.04
2931.07	718.678
2931.42	739.494
2931.77	725.352
2932.11	717.416
2932.46	738.944
2932.81	739.281
2933.15	731.961
2933.5	718.885
2933.85	711.423
2934.19	741.753
2934.54	718.82
2934.89	718.035
2935.23	738.564
2935.58	707.044
2935.92	723.734
2936.27	715.601
2936.62	726.457
2936.96	704.409
2937.31	716.658
2937.65	724.183
2938	715.637
2938.35	727.085
2938.69	714.825
2939.04	717.068
2939.38	711.745
2939.73	708.092
2940.07	721.625
2940.42	709.907
2940.77	729.729
2941.11	719.164
2941.46	696.653
2941.8	725.169
2942.15	716.082
2942.5	720.772
2942.84	710.548
2943.19	715.599
2943.53	724.256
2943.88	710.143
2944.22	693.285
2944.57	713.979
2944.92	710.529
2945.26	707.2
2945.61	709.001
2945.95	703.292
2946.3	695.272
2946.64	693.575
2946.99	699.241
2947.33	704.639
2947.68	702.12
2948.02	711.629
2948.37	702.889
2948.72	700.873
2949.06	702.459
2949.41	705.866
2949.75	704.334
2950.1	695.799
2950.44	703.885
2950.79	702.835
2951.13	706.8
2951.48	715.758
2951.82	722.338
2952.17	703.396
2952.51	697.223
2952.86	725.03
2953.2	713.069
2953.55	704.461
2953.89	707.706
2954.24	703.52
2954.58	716.314
2954.93	692.902
2955.27	707.821
2955.61	690.234
2955.96	711.594
2956.31	691.147
2956.65	712.252
2956.99	714.384
2957.34	711.729
2957.68	707.21
2958.03	699.057
2958.37	716.647
2958.72	706.939
2959.06	690.361
2959.41	710.3
2959.75	705.415
2960.1	705.937
2960.44	707.069
2960.78	696.488
2961.13	715.121
2961.47	701.499
2961.82	706.229
2962.16	707.845
2962.51	705.79
2962.85	708.649
2963.19	714.57
2963.54	691.197
2963.88	685.368
2964.23	708.084
2964.57	704.04
2964.92	692.004
2965.26	698.253
2965.6	696.877
2965.95	693.046
2966.29	699.277
2966.64	692.941
2966.98	677.514
2967.32	690.301
2967.67	695.123
2968.01	702.126
2968.35	685.757
2968.7	692.82
2969.04	700.376
2969.39	703.208
2969.73	690.652
2970.07	682.765
2970.42	715.195
2970.76	697.879
2971.1	693.254
2971.45	698.701
2971.79	697.857
2972.14	703.515
2972.48	695.227
2972.82	687.861
2973.17	689.991
2973.51	708.578
2973.85	702.751
2974.2	709.541
2974.54	691.737
2974.88	705.719
2975.23	684.317
2975.57	697.212
2975.91	700.891
2976.26	690.46
2976.6	693.091
2976.94	698.305
2977.29	683.955
2977.63	706.495
2977.97	696.988
2978.32	685.591
2978.66	698.54
2979	697.629
2979.35	694.814
2979.69	705.066
2980.03	693.965
2980.37	701.236
2980.72	689.375
2981.06	702.826
2981.4	700.267
2981.75	689.468
2982.09	689.546
2982.43	696.847
2982.78	699.178
2983.12	682.56
2983.46	693.538
2983.8	695.468
2984.15	687.389
2984.49	688.464
2984.83	695.061
2985.17	690.821
2985.52	692.938
2985.86	692.286
2986.2	690.924
2986.55	680.146
2986.89	689.758
2987.23	695.86
2987.57	685.639
2987.91	697.494
2988.26	695.245
2988.6	680.322
2988.94	704.981
2989.28	682.071
2989.63	686.143
2989.97	700.51
2990.31	690.48
2990.65	682.092
2991	691.531
2991.34	700.748
2991.68	687.847
2992.02	688.073
2992.36	713.529
2992.71	688.845
2993.05	678.329
2993.39	692.762
2993.73	688.634
2994.08	688.829
2994.42	670.968
2994.76	673.65
2995.1	674.76
2995.44	676.614
2995.79	692.577
2996.13	672.06
2996.47	690.125
2996.81	685.448
2997.15	680.408
2997.49	684.232
2997.84	686.054
2998.18	701.441
2998.52	679.394
2998.86	680.811
2999.2	684.392
2999.54	667.362
2999.89	666.027
